类别,百科名,百科内容
大学,双一流,"<div class=""TRS_Editor""><p>　　“双一流”是世界一流大学和一流学科建设，2017年9月21日教育部发布《关于公布世界一流大学和一流学科建设高校及建设学科名单的通知》，公布世界一流大学和一流学科（简称“双一流”）建设高校及建设学科名单。</p>
<p align=""center""><a href=""https://daxue.eol.cn/syl.shtml""><img style=""border-right-width: 0px; border-top-width: 0px; border-bottom-width: 0px; border-left-width: 0px"" alt=""高考百科：什么是双一流"" oldsrc=""W020170922631139383918.png"" complete=""complete"" src=""./W020170922631139383918.png""></a></p>
<p align=""center""><a target=""_blank"" href=""https://gaokao.eol.cn/news/201709/t20170921_1555952.shtml""><b>点击查看:各省双一流大学名单</b></a></p>
<p>　　2015年10月24日，国务院印发《统筹推进世界一流大学和一流学科建设总体方案》，要求按照“四个全面”战略布局和党中央、国务院决策部署，坚持以中国特色、世界一流为核心，以立德树人为根本，以支撑创新驱动发展战略、服务经济社会发展为导向，坚持“以一流为目标、以学科为基础、以绩效为杠杆、以改革为动力”的基本原则，加快建成一批世界一流大学和一流学科。</p>
<p>　　2017年1月27日，教育部、财政部 、国家发展改革委联合印发《统筹推进世界一流大学和一流学科建设实施办法（暂行）》的通知。要求坚持以学科为基础，支持建设一百个左右学科，着力打造学科领域高峰。支持一批接近或达到世界先进水平的学科，加强建设关系国家安全和重大利益的学科，鼓励新兴学科、交叉学科，布局一批国家急需、支撑产业转型升级和区域发展的学科，积极建设具有中国特色、中国风格、中国气派的哲学社会科学体系，着力解决经济社会中的重大战略问题，提升国家自主创新能力和核心竞争力。强化学科建设绩效考核，引领高校提高办学水平和综合实力。同时，每五年一个建设周期，2016年开始新一轮建设。建设高校实行总量控制、开放竞争、动态调整。</p>
<p>　　<strong>“双一流”建设总体目标</strong>　</p>
<p>　　着眼于国家“两个一百年”的战略目标，统筹推进一流大学和一流学科建设将分三步走：</p>
<p>　　第一步到2020年，若干所大学和一批学科进入世界一流行列，若干学科进入世界一流学科前列；</p>
<p>　　第二步到2030年，更多的大学和学科进入世界一流行列，若干所大学进入世界一流前列，一批学科进入世界一流学科前列，高等教育整体实力显著提升；</p>
<p>　　第三步到本世纪中叶，一流大学和一流学科的数量和实力进入世界前列，基本建成高等教育强国。</p>
<p>　　<strong>“双一流”建设10项重点任务</strong></p>
<p>　　《总体方案》围绕“中国特色，世界一流”的核心要求，从建设、改革两方面共安排了10项重点任务。</p>
<p>　　<strong>5项建设任务</strong></p>
<p>　　建设一流师资队伍。强化高层次人才的支撑和引领作用，加快培养和引进一批一流科学家、学科领军人物和创新团队，培养造就一支优秀教师队伍。</p>
<p>　　培养拔尖创新人才。突出人才培养的核心地位，着力培养具有国家使命感和社会责任心，富有创新精神和实践能力的各类创新型、应用型、复合型的优秀人才。</p>
<p>　　提升科学研究水平。以国家重大需求为导向，提升高水平科学研究能力，着力提升解决重大问题和原始创新的能力，推进科研组织模式创新。打造具有中国特色和世界影响的新型高校智库。</p>
<p>　　传承创新优秀文化。加强大学文化建设，把社会主义核心价值观融入教育教学全过程，发挥中华优秀传统文化的教化育人作用。</p>
<p>　　着力推进成果转化。深化产教融合，着力提高高校对产业转型升级的贡献率，推动重大科学创新、关键技术突破转变为先进生产力，增强高校创新资源对经济社会发展的驱动力。</p>
<p>　<strong>　5项改革任务</strong></p>
<p>　　加强和改进党对高校的领导。坚持和完善党委领导下的校长负责制，牢牢把握高校意识形态工作领导权，全面推进高校党的建设各项工作。</p>
<p>　　完善内部治理结构。加快形成以章程为统领的完善、规范、统一的制度体系，加强学术组织建设，完善民主管理和监督。</p>
<p>　　实现关键环节突破。加快推进人事制度、人才培养模式、科研体制机制、资源募集机制等方面的改革。</p>
<p>　　构建社会参与机制。加快建立健全社会支持和监督学校发展的长效机制。建立健全理事会制度，加快完善与行业、企业密切合作模式。</p>
<p>　　推进国际交流合作。加强与世界一流大学和学术机构的实质性合作，加强国际协同创新，切实提高我国高等教育的国际竞争力和话语权。
 </p> </div>
            "
大学,985高校,"<div class=""TRS_Editor""><p align=""justify"">　　1998年5月4日，江泽民总书记在庆祝北大建校100周年大会上向全社会宣告：“为了实现现代化，我国要有若干所具有世界先进水平的一流大学。”为贯彻落实党中央科教兴国的战略和江泽民同志的号召，教育部决定在实施“面向21世纪教育振兴行动计划”中，重点支持北京大学、清华大学等部分高等学校创建世界一流大学和高水平大学，简称“985”工程。截止到目前，全国共有39所高校入选“985工程。</p></div>
            "
大学,211高校,"<div class=""TRS_Editor""><p align=""justify"">　　“211工程”即面向21世纪，重点建设100所左右的高等学校和一批重点学科。这是我国为落实科教兴国战略而实施的一项跨世纪的战略工程，也是新中国成立以来在高等教育领域进行的规模最大的重点建设项目。“211工程”自“九五”期间立项建设，中央和地方共投入资金180亿元，建设了一批高等院校和重点 学科，改善了一批高等学校的教学和科研条件，一批重点学科已成为国家科技创新和高层次人才培养的重要基地。</p>
<p align=""center""><a href=""https://daxue.eol.cn/211.shtml""><img style=""border-left-width: 0px; border-right-width: 0px; border-bottom-width: 0px; border-top-width: 0px"" alt=""211工程大学"" oldsrc=""W020171101427258430824.jpg"" src=""./W020171101427258430824.jpg""></a></p>
<p align=""justify"">　　各省市入选“211工程”高校名单如下：</p>
<p align=""justify"">　　北京（26所）</p>
<p align=""justify"">　　清华大学</p>
<p align=""justify"">　　<a title=""null"" target=""_blank"" href=""http://gkcx.eol.cn/schoolhtm/schoolTemple/school46.htm"" name=""AnchorAddByWCM"">中国人民大学</a></p>
<p align=""justify"">　　<a title=""null"" target=""_blank"" href=""http://gkcx.eol.cn/schoolhtm/schoolTemple/school30.htm"" name=""AnchorAddByWCM"">北京工业大学</a></p>
<p align=""justify"">　　北京理工大学</p>
<p align=""justify"">　　北京化工大学</p>
<p align=""justify"">　　中国农业大学</p>
<p align=""justify"">　　中国传媒大学</p>
<p align=""justify"">　　<a title=""null"" target=""_blank"" href=""http://gkcx.eol.cn/schoolhtm/schoolTemple/school52.htm"" name=""AnchorAddByWCM"">北京师范大学</a></p>
<p align=""justify"">　　<a title=""null"" target=""_blank"" href=""http://gkcx.eol.cn/schoolhtm/schoolTemple/school53.htm"" name=""AnchorAddByWCM"">对外经济贸易大学</a></p>
<p align=""justify"">　　<a title=""null"" target=""_blank"" href=""http://gkcx.eol.cn/schoolhtm/schoolTemple/school39.htm"" name=""AnchorAddByWCM"">北京外国语大学</a></p>
<p align=""justify"">　　<a title=""null"" target=""_blank"" href=""http://gkcx.eol.cn/schoolhtm/schoolTemple/school110.htm"" name=""AnchorAddByWCM"">中国矿业大学</a>（北京）</p>
<p align=""justify"">　　中国政法大学</p>
<p align=""justify"">　　华北电力大学</p>
<p align=""justify"">　　<a title=""null"" target=""_blank"" href=""http://gkcx.eol.cn/schoolhtm/schoolTemple/school31.htm"" name=""AnchorAddByWCM"">北京大学</a></p>
<p align=""justify"">　　<a title=""null"" target=""_blank"" href=""http://gkcx.eol.cn/schoolhtm/schoolTemple/school38.htm"" name=""AnchorAddByWCM"">北京交通大学</a></p>
<p align=""justify"">　　<a title=""null"" target=""_blank"" href=""http://gkcx.eol.cn/schoolhtm/schoolTemple/school47.htm"" name=""AnchorAddByWCM"">北京航空航天大学</a></p>
<p align=""justify"">　　北京科技大学</p>
<p align=""justify"">　　<a title=""null"" target=""_blank"" href=""http://gkcx.eol.cn/schoolhtm/schoolTemple/school48.htm"" name=""AnchorAddByWCM"">北京邮电大学</a></p>
<p align=""justify"">　　<a title=""null"" target=""_blank"" href=""http://gkcx.eol.cn/schoolhtm/schoolTemple/school43.htm"" name=""AnchorAddByWCM"">北京林业大学</a></p>
<p align=""justify"">　　<a title=""null"" target=""_blank"" href=""http://gkcx.eol.cn/schoolhtm/schoolTemple/school45.htm"" name=""AnchorAddByWCM"">中央民族大学</a></p>
<p align=""justify"">　　<a title=""null"" target=""_blank"" href=""http://gkcx.eol.cn/schoolhtm/schoolTemple/school40.htm"" name=""AnchorAddByWCM"">中央音乐学院</a></p>
<p align=""justify"">　　<a title=""null"" target=""_blank"" href=""http://gkcx.eol.cn/schoolhtm/schoolTemple/school49.htm"" name=""AnchorAddByWCM"">北京中医药大学</a></p>
<p align=""justify"">　　中国地质大学（北京）</p>
<p align=""justify"">　　中国石油大学（北京）</p>
<p align=""justify"">　　中央财经大学</p>
<p align=""justify"">　　北京体育大学</p>
<p align=""justify"">　　上海（9所）</p>
<p align=""justify"">　　上海外国语大学</p>
<p align=""justify"">　　华东师范大学</p>
<p align=""justify"">　　<a title=""null"" target=""_blank"" href=""http://gkcx.eol.cn/schoolhtm/schoolTemple/school135.htm"" name=""AnchorAddByWCM"">东华大学</a></p>
<p align=""justify"">　　<a title=""null"" target=""_blank"" href=""http://gkcx.eol.cn/schoolhtm/schoolTemple/school133.htm"" name=""AnchorAddByWCM"">华东理工大学</a></p>
<p align=""justify"">　　<a title=""null"" target=""_blank"" href=""http://gkcx.eol.cn/schoolhtm/schoolTemple/school125.htm"" name=""AnchorAddByWCM"">上海交通大学</a></p>
<p align=""justify"">　　<a title=""null"" target=""_blank"" href=""http://gkcx.eol.cn/schoolhtm/schoolTemple/school132.htm"" name=""AnchorAddByWCM"">复旦大学</a></p>
<p align=""justify"">　　<a title=""null"" target=""_blank"" href=""http://gkcx.eol.cn/schoolhtm/schoolTemple/school76.htm"" name=""AnchorAddByWCM"">上海大学</a></p>
<p align=""justify"">　　<a title=""null"" target=""_blank"" href=""http://gkcx.eol.cn/schoolhtm/schoolTemple/school130.htm"" name=""AnchorAddByWCM"">上海财经大学</a></p>
<p align=""justify"">　　<a title=""null"" target=""_blank"" href=""http://gkcx.eol.cn/schoolhtm/schoolTemple/school73.htm"" name=""AnchorAddByWCM"">同济大学</a></p>
<p align=""justify"">　　天津（4所）</p>
<p align=""justify"">　　<a title=""null"" target=""_blank"" href=""http://gkcx.eol.cn/schoolhtm/schoolTemple/school59.htm"" name=""AnchorAddByWCM"">南开大学</a></p>
<p align=""justify"">　　<a title=""null"" target=""_blank"" href=""http://gkcx.eol.cn/schoolhtm/schoolTemple/school78.htm"" name=""AnchorAddByWCM"">天津医科大学</a></p>
<p align=""justify"">　　<a title=""null"" target=""_blank"" href=""http://gkcx.eol.cn/schoolhtm/schoolTemple/school60.htm"" name=""AnchorAddByWCM"">天津大学</a></p>
<p align=""justify"">　　<a title=""null"" target=""_blank"" href=""http://gkcx.eol.cn/schoolhtm/schoolTemple/school41.htm"" name=""AnchorAddByWCM"">河北工业大学</a></p>
<p align=""justify"">　　重庆（2所）</p>
<p align=""justify"">　　<a title=""null"" target=""_blank"" href=""http://gkcx.eol.cn/schoolhtm/schoolTemple/school119.htm"" name=""AnchorAddByWCM"">重庆大学</a></p>
<p align=""justify"">　　西南大学</p>
<p align=""justify"">　　河北（1所）</p>
<p align=""justify"">　　华北电力大学（保定）</p>
<p align=""justify"">　　山西（1所）</p>
<p align=""justify"">　　太原理工大学</p>
<p align=""justify"">　　内蒙古（1所）</p>
<p align=""justify"">　　<a title=""null"" target=""_blank"" href=""http://gkcx.eol.cn/schoolhtm/schoolTemple/school32.htm"" name=""AnchorAddByWCM"">内蒙古大学</a></p>
<p align=""justify"">　　辽宁（4所）</p>
<p align=""justify"">　　大连理工大学</p>
<p align=""justify"">　　<a title=""null"" target=""_blank"" href=""http://gkcx.eol.cn/schoolhtm/schoolTemple/school50.htm"" name=""AnchorAddByWCM"">辽宁大学</a></p>
<p align=""justify"">　　<a title=""null"" target=""_blank"" href=""http://gkcx.eol.cn/schoolhtm/schoolTemple/school134.htm"" name=""AnchorAddByWCM"">东北大学</a></p>
<p align=""justify"">　　<a title=""null"" target=""_blank"" href=""http://gkcx.eol.cn/schoolhtm/schoolTemple/school33.htm"" name=""AnchorAddByWCM"">大连海事大学</a></p>
<p align=""justify"">　　吉林（3所）</p>
<p align=""justify"">　　<a title=""null"" target=""_blank"" href=""http://gkcx.eol.cn/schoolhtm/schoolTemple/school122.htm"" name=""AnchorAddByWCM"">吉林大学</a></p>
<p align=""justify"">　　延边大学</p>
<p align=""justify"">　　东北师范大学</p>
<p align=""justify"">　　黑龙江（4所）</p>
<p align=""justify"">　　<a title=""null"" target=""_blank"" href=""http://gkcx.eol.cn/schoolhtm/schoolTemple/school34.htm"" name=""AnchorAddByWCM"">哈尔滨工业大学</a></p>
<p align=""justify"">　　东北农业大学</p>
<p align=""justify"">　　<a title=""null"" target=""_blank"" href=""http://gkcx.eol.cn/schoolhtm/schoolTemple/school124.htm"" name=""AnchorAddByWCM"">哈尔滨工程大学</a></p>
<p align=""justify"">　　东北林业大学</p>
<p align=""justify"">　　江苏（11所）</p>
<p align=""justify"">　　<a title=""null"" target=""_blank"" href=""http://gkcx.eol.cn/schoolhtm/schoolTemple/school111.htm"" name=""AnchorAddByWCM"">南京大学</a></p>
<p align=""justify"">　　<a title=""null"" target=""_blank"" href=""http://gkcx.eol.cn/schoolhtm/schoolTemple/school118.htm"" name=""AnchorAddByWCM"">苏州大学</a></p>
<p align=""justify"">　　中国矿业大学</p>
<p align=""justify"">　　<a title=""null"" target=""_blank"" href=""http://gkcx.eol.cn/schoolhtm/schoolTemple/school116.htm"" name=""AnchorAddByWCM"">河海大学</a></p>
<p align=""justify"">　　<a title=""null"" target=""_blank"" href=""http://gkcx.eol.cn/schoolhtm/schoolTemple/school86.htm"" name=""AnchorAddByWCM"">江南大学</a></p>
<p align=""justify"">　　<a title=""null"" target=""_blank"" href=""http://gkcx.eol.cn/schoolhtm/schoolTemple/school77.htm"" name=""AnchorAddByWCM"">南京航空航天大学</a></p>
<p align=""justify"">　　<a title=""null"" target=""_blank"" href=""http://gkcx.eol.cn/schoolhtm/schoolTemple/school109.htm"" name=""AnchorAddByWCM"">东南大学</a></p>
<p align=""justify"">　　<a title=""null"" target=""_blank"" href=""http://gkcx.eol.cn/schoolhtm/schoolTemple/school115.htm"" name=""AnchorAddByWCM"">南京师范大学</a></p>
<p align=""justify"">　　<a title=""null"" target=""_blank"" href=""http://gkcx.eol.cn/schoolhtm/schoolTemple/school117.htm"" name=""AnchorAddByWCM"">中国药科大学</a></p>
<p align=""justify"">　　<a title=""null"" target=""_blank"" href=""http://gkcx.eol.cn/schoolhtm/schoolTemple/school112.htm"" name=""AnchorAddByWCM"">南京理工大学</a></p>
<p align=""justify"">　　<a title=""null"" target=""_blank"" href=""http://gkcx.eol.cn/schoolhtm/schoolTemple/school113.htm"" name=""AnchorAddByWCM"">南京农业大学</a></p>
<p align=""justify"">　　浙江（1所）</p>
<p align=""justify"">　　<a title=""null"" target=""_blank"" href=""http://gkcx.eol.cn/schoolhtm/schoolTemple/school114.htm"" name=""AnchorAddByWCM"">浙江大学</a></p>
<p align=""justify"">　　安徽（3所）</p>
<p align=""justify"">　　<a title=""null"" target=""_blank"" href=""http://gkcx.eol.cn/schoolhtm/schoolTemple/school66.htm"" name=""AnchorAddByWCM"">中国科学技术大学</a></p>
<p align=""justify"">　　<a title=""null"" target=""_blank"" href=""http://gkcx.eol.cn/schoolhtm/schoolTemple/school63.htm"" name=""AnchorAddByWCM"">合肥工业大学</a></p>
<p align=""justify"">　　<a title=""null"" target=""_blank"" href=""http://gkcx.eol.cn/schoolhtm/schoolTemple/school67.htm"" name=""AnchorAddByWCM"">安徽大学</a></p>
<p align=""justify"">　　福建（2所）</p>
<p align=""justify"">　　<a title=""null"" target=""_blank"" href=""http://gkcx.eol.cn/schoolhtm/schoolTemple/school102.htm"" name=""AnchorAddByWCM"">厦门大学</a></p>
<p align=""justify"">　　<a title=""null"" target=""_blank"" href=""http://gkcx.eol.cn/schoolhtm/schoolTemple/school103.htm"" name=""AnchorAddByWCM"">福州大学</a></p>
<p align=""justify"">　　江西（1所）</p>
<p align=""justify"">　　<a title=""null"" target=""_blank"" href=""http://gkcx.eol.cn/schoolhtm/schoolTemple/school108.htm"" name=""AnchorAddByWCM"">南昌大学</a></p>
<p align=""justify"">　　山东（3所）</p>
<p align=""justify"">　　<a title=""null"" target=""_blank"" href=""http://gkcx.eol.cn/schoolhtm/schoolTemple/school126.htm"" name=""AnchorAddByWCM"">山东大学</a></p>
<p align=""justify"">　　中国石油大学</p>
<p align=""justify"">　　<a title=""null"" target=""_blank"" href=""http://gkcx.eol.cn/schoolhtm/schoolTemple/school61.htm"" name=""AnchorAddByWCM"">中国海洋大学</a></p>
<p align=""justify"">　　河南（1所）</p>
<p align=""justify"">　　<a title=""null"" target=""_blank"" href=""http://gkcx.eol.cn/schoolhtm/schoolTemple/school62.htm"" name=""AnchorAddByWCM"">郑州大学</a></p>
<p align=""justify"">　　湖北（7所）</p>
<p align=""justify"">　　<a title=""null"" target=""_blank"" href=""http://gkcx.eol.cn/schoolhtm/schoolTemple/school42.htm"" name=""AnchorAddByWCM"">武汉大学</a></p>
<p align=""justify"">　　武汉理工大学</p>
<p align=""justify"">　　华中师范大学</p>
<p align=""justify"">　　中国地质大学（武汉）</p>
<p align=""justify"">　　<a title=""null"" target=""_blank"" href=""http://gkcx.eol.cn/schoolhtm/schoolTemple/school127.htm"" name=""AnchorAddByWCM"">华中科技大学</a></p>
<p align=""justify"">　　中南财经政法大学</p>
<p align=""justify"">　　华中农业大学</p>
<p align=""justify"">　　湖南（3所）</p>
<p align=""justify"">　　<a title=""null"" target=""_blank"" href=""http://gkcx.eol.cn/schoolhtm/schoolTemple/school44.htm"" name=""AnchorAddByWCM"">湖南大学</a></p>
<p align=""justify"">　　<a title=""null"" target=""_blank"" href=""http://gkcx.eol.cn/schoolhtm/schoolTemple/school58.htm"" name=""AnchorAddByWCM"">湖南师范大学</a></p>
<p align=""justify"">　　<a title=""null"" target=""_blank"" href=""http://gkcx.eol.cn/schoolhtm/schoolTemple/school123.htm"" name=""AnchorAddByWCM"">中南大学</a></p>
<p align=""justify"">　　广东（4所）</p>
<p align=""justify"">　　<a title=""null"" target=""_blank"" href=""http://gkcx.eol.cn/schoolhtm/schoolTemple/school104.htm"" name=""AnchorAddByWCM"">中山大学</a></p>
<p align=""justify"">　　<a title=""null"" target=""_blank"" href=""http://gkcx.eol.cn/schoolhtm/schoolTemple/school105.htm"" name=""AnchorAddByWCM"">华南理工大学</a></p>
<p align=""justify"">　　<a title=""null"" target=""_blank"" href=""http://gkcx.eol.cn/schoolhtm/schoolTemple/school106.htm"" name=""AnchorAddByWCM"">暨南大学</a></p>
<p align=""justify"">　　<a title=""null"" target=""_blank"" href=""http://gkcx.eol.cn/schoolhtm/schoolTemple/school98.htm"" name=""AnchorAddByWCM"">华南师范大学</a></p>
<p align=""justify"">　　广西（共1所）</p>
<p align=""justify"">　　<a title=""null"" target=""_blank"" href=""http://gkcx.eol.cn/schoolhtm/schoolTemple/school96.htm"" name=""AnchorAddByWCM"">广西大学</a></p>
<p align=""justify"">　　四川（共5所）</p>
<p align=""justify"">　　<a title=""null"" target=""_blank"" href=""http://gkcx.eol.cn/schoolhtm/schoolTemple/school99.htm"" name=""AnchorAddByWCM"">四川大学</a></p>
<p align=""justify"">　　电子科技大学</p>
<p align=""justify"">　　<a title=""null"" target=""_blank"" href=""http://gkcx.eol.cn/schoolhtm/schoolTemple/school101.htm"" name=""AnchorAddByWCM"">西南财经大学</a></p>
<p align=""justify"">　　<a title=""null"" target=""_blank"" href=""http://gkcx.eol.cn/schoolhtm/schoolTemple/school51.htm"" name=""AnchorAddByWCM"">西南交通大学</a></p>
<p align=""justify"">　　<a title=""null"" target=""_blank"" href=""http://gkcx.eol.cn/schoolhtm/schoolTemple/school100.htm"" name=""AnchorAddByWCM"">四川农业大学</a></p>
<p align=""justify"">　　云南（1所）</p>
<p align=""justify"">　　<a title=""null"" target=""_blank"" href=""http://gkcx.eol.cn/schoolhtm/schoolTemple/school35.htm"" name=""AnchorAddByWCM"">云南大学</a></p>
<p align=""justify"">　　贵州（1所）</p>
<p align=""justify"">　　贵州大学</p>
<p align=""justify"">　　陕西（7所）</p>
<p align=""justify"">　　<a title=""null"" target=""_blank"" href=""http://gkcx.eol.cn/schoolhtm/schoolTemple/school37.htm"" name=""AnchorAddByWCM"">西北大学</a></p>
<p align=""justify"">　　<a title=""null"" target=""_blank"" href=""http://gkcx.eol.cn/schoolhtm/schoolTemple/school107.htm"" name=""AnchorAddByWCM"">西北工业大学</a></p>
<p align=""justify"">　　西北农林科技大学</p>
<p align=""justify"">　　<a title=""null"" target=""_blank"" href=""http://gkcx.eol.cn/schoolhtm/schoolTemple/school57.htm"" name=""AnchorAddByWCM"">西安电子科技大学</a></p>
<p align=""justify"">　　西安交通大学</p>
<p align=""justify"">　　<a title=""null"" target=""_blank"" href=""http://gkcx.eol.cn/schoolhtm/schoolTemple/school36.htm"" name=""AnchorAddByWCM"">长安大学</a></p>
<p align=""justify"">　　陕西师范大学</p>
<p align=""justify"">　　甘肃（1所）</p>
<p align=""justify"">　　<a title=""null"" target=""_blank"" href=""http://gkcx.eol.cn/schoolhtm/schoolTemple/school97.htm"" name=""AnchorAddByWCM"">兰州大学</a></p>
<p align=""justify"">　　海南（1所）</p>
<p align=""justify"">　　海南大学</p>
<p align=""justify"">　　宁夏（1所）</p>
<p align=""justify"">　　宁夏大学</p>
<p align=""justify"">　　青海（1所）</p>
<p align=""justify"">　　青海大学</p>
<p align=""justify"">　　西藏（1所）</p>
<p align=""justify"">　　西藏大学</p>
<p align=""justify"">　　新疆(2所)</p>
<p align=""justify"">　　<a title=""null"" target=""_blank"" href=""http://gkcx.eol.cn/schoolhtm/schoolTemple/school74.htm"" name=""AnchorAddByWCM"">新疆大学</a></p>
<p align=""justify"">　　石河子大学</p>
<p align=""justify"">　　军事系统(3所)</p>
<p align=""justify"">　　第二军医大学</p>
<p align=""justify"">　　国防科技大学</p>
<p align=""justify"">　　第四军医大学</p></div>
            "
大学,正规高校,"<div class=""TRS_Editor""><div class=""Custom_UnionStyle"">
<p align=""justify"">　　根据教育部公布的名单，截至2017年5月31日，我国共有普通高等学校2631所（含独立学院265所）。对于违规招生的单位，其所招学生的学籍、发放的毕业证书国家均不予承认。广大考生和公众可以登录教育部网站查询目前具有普通高等学历教育招生资格的院校名单，不在名单之列的各类办学机构均不具备招生资格。</p>
            "
大学,中央部委直属,"<div class=""con-jianjie"">国务院部门直属高等学校，简称“中央部属高校”，是指国务院组成部门及其直属机构在全国范围内直属管理一批高等院校。我国中央部属高校共<em><strong><font color=""#ff3300"">117</font></strong></em>所。其中，教育部直属高校有75所，工业和信息化部有8所，国家民族事务委员会有6所，公安部5所，民用航空总局4所，其它大多部委都是1所高校。</div>
		  "
大学,教育部直属,"<div class=""con-jianjie"">
				中华人民共和国教育部直属高等学校指由中华人民共和国教育部直属管理的一批高等学校，是中央部门直属高等学校的重要组成部分。教育部直属的普通高校共有<strong><em><font color=""#ff3300"">75</font></em></strong>所。其中北京市最多，共有24所，			以下是具体名单。</div>

    "
大学,示范性高职,"<div class=""con-jianjie"">
				国家示范性高等职业院校建设计划是为了提升高等职业院校的办学水平，中华人民共和国教育部启动了被称为“<strong>高职211</strong>”的“百所示范性高等职业院校建设工程”。首批立项建设有28所院校，第二批立项建设的有42所院校，第三批立项建设的有30所院校，共100所。这些示范性高职是一个省高职院校的典范，也基本上是一个省的最强高职。</div>
			"
大学,骨干高职,"<div class=""con-jianjie"">
				教育部和财政部联合下发了《关于进一步推进“国家示范性高等职业院校建设计划”实施工作的通知》，在原有已建设100所国家示范性高等职业院校的基础上，新增100所左右国家骨干高职院校，以此继续推进“国家示范性高等职业院校建设计划”。</div>
	  "
大学,独立学院,"<div class=""TRS_Editor""><p>　　独立学院，是指实施本科以上学历教育的普通高等学校与国家机构以外的社会组织或者个人合作，利用非国家财政性经费举办的实施本科学历教育的高等学校，因而独立学院学费是公立大学的三到四倍。</p>
<p>　　独立学院是民办高等教育的重要组成部分，属于公益性事业，依法享有民办教育促进法、民办教育促进法实施条例规定的各项奖励与扶持政策；由省、自治区、直辖市人民政府教育行政部门主管本行政区域内的独立学院工作。截至2016年5月30日，全国共有独立学院266所。</p>
<p>　　独立学院有三大特征：一是一律采用民办机制，所需经费投入及其它相关支出，均由合作方承担或以民办机制共同筹措，学生收费标准也按国家有关民办高校招生收费政策制定；二是实行新的办学模式。重点是突出一个“独”字。独立学院应具有独立的校园和基本办学设施，实施相对独立的教学组织和管理，独立进行招生，独立颁发学历证书，独立进行财务核算，应具有独立法人资格，能独立承担民事责任；三是实行新的管理体制。独立学院的管理制度和办法由申请者和合作者共同商定。</p></div>
            "
大学,民办高校,"<div class=""TRS_Editor"">民办高校指的是企业事业组织、社会团体及其他社会组织和公民个人利用非国家财政性教育经费，面向社会举办的高等学校及其他教育机构，其办学层次分专科和本科。民办高校的学费是公立大学的三到四倍。国家鼓励社会力量举办实施义务教育的教育机构作为国家实施义务教育的补充。国家严格控制社会力量举办高等教育机构。国家对社会力量办学实行办学许可证制度。各级教育行政部门按照规定的审批权限，对批准设立的教育机构发给办学许可证。
<p> </p></div>
            "
大学,高职院校,"<div class=""TRS_Editor""><div class=""Custom_UnionStyle"">
<div label-module=""para"">　　高等职业教育，简称高职。在中国大陆地区，高等职业教育包括本科和专科两个学历教育层次，高职学生毕业时颁发国家承认学历的普通高等学校专科（三年制）或本科（四年制）毕业证书，并享受普通高校毕业生的一切待遇。</div>
<div label-module=""para"">　　根据教育部相关规定，从上世纪末起非师范、非医学、非公安类的专科层次全日制普通高等学校应逐步规范校名后缀为""职业技术学院""或“职业学院”，而师范、医学、公安类的专科层次全日制普通高等学校则应规范校名后缀为""高等专科学校""。 ""职业技术学院""或“职业学院”为高职院校的特有校名后缀，是中国高等教育的重要组成部分。</div>
<div label-module=""para"">　　为响应中国教育部构建现代职业教育体系的规划，部分国家示范性高等职业院校从2012年起开始试办本科层次的专业（与本科院校合办）。高等职业教育已包括本科和专科两个学历教育层次；而在其他许多国家和地区的高等职业教育体系则完整的囊括了专科、本科、硕士、博士等层次的学历教育。</div>
</div></div>
            "
大学,九校联盟,"<div class=""TRS_Editor""><div class=""Custom_UnionStyle"">
<p align=""justify"">　　九校联盟（C9）是中国首个顶尖大学间的高校联盟，于2009年10月启动。联盟成员都是国家首批985重点建设的9所一流大学，包括<a title=""null"" target=""_blank"" href=""http://gkcx.eol.cn/schoolhtm/schoolTemple/school31.htm"" name=""AnchorAddByWCM"">北京大学</a>、<a href=""http://gkcx.eol.cn/schoolhtm/schoolTemple/school140.htm"">清华大学</a>、<a title=""null"" target=""_blank"" href=""http://gkcx.eol.cn/schoolhtm/schoolTemple/school132.htm"" name=""AnchorAddByWCM"">复旦大学</a>、<a title=""null"" target=""_blank"" href=""http://gkcx.eol.cn/schoolhtm/schoolTemple/school125.htm"" name=""AnchorAddByWCM"">上海交通大学</a>、<a title=""null"" target=""_blank"" href=""http://gkcx.eol.cn/schoolhtm/schoolTemple/school111.htm"" name=""AnchorAddByWCM"">南京大学</a>、<a title=""null"" target=""_blank"" href=""http://gkcx.eol.cn/schoolhtm/schoolTemple/school114.htm"" name=""AnchorAddByWCM"">浙江大学</a>、<a title=""null"" target=""_blank"" href=""http://gkcx.eol.cn/schoolhtm/schoolTemple/school66.htm"" name=""AnchorAddByWCM"">中国科学技术大学</a>、<a title=""null"" target=""_blank"" href=""http://gkcx.eol.cn/schoolhtm/schoolTemple/school34.htm"" name=""AnchorAddByWCM"">哈尔滨工业大学</a>、<a href=""http://gkcx.eol.cn/schoolhtm/schoolTemple/school330.htm"">西安交通大学</a>共9所高校。</p>
<p align=""justify"">　　九校联盟形式类似于美国常春藤联盟、英国罗素大学集团、澳大利亚八校集团等，旨在人才培养、科学研究等领域加强合作与交流，优势互补，被国际上称为中国常春藤盟校。联盟成立后展开了多项实质性活动，如互派交换生、召开研讨会、开展暑期夏令营等。</p>
<p align=""justify"">　　注：以上信息来自网络，非官方发布，仅供参考！</p>
</div></div>
            "
大学,华东五校,"<div class=""TRS_Editor""><div class=""Custom_UnionStyle"">
<p align=""justify"">　　华东五校，即复旦大学、上海交通大学、南京大学、浙江大学、中国科学技术大学，是网络上民间对中国东部沿海华东地区和长三角经济区五所顶尖高校的统称，简称“华五”。“华东五校”这一概念最早出现于21世纪初的网络论坛上，随着互联网的普及而迅速在关注高等教育的网民中流传开来，并被广为接受。</p>
<div label-module=""para"">　　华东长三角经济区内的这五所大学一般被公认为和位于中国首都北京的北京大学、清华大学、中国科学院大学同属中国实力最顶尖的八所大学（其中北大、清华的国家定位最高）。华东五校中，复旦大学、上海交通大学位于中国直辖市上海，另外三所大学分别位于江苏、浙江、安徽三省的省会城市。华东五校均是中央部委直属全国重点大学、中央直管副部级建制、国家首批211工程和985工程重点建设高校、国家首批“双一流”世界一流大学A类建设高校。　　</div>
<div label-module=""para"">
<p align=""justify"">　　注：以上信息来自网络，非官方发布，仅供参考！</p>
</div>
</div></div>
            "
大学,国防七校,"<div class=""TRS_Editor""><div class=""Custom_UnionStyle"">
<p align=""justify"">　　国防七校，又名“国防七子”，是指原国防科工委（现工信部）所属的七所高校，包括：北京航空航天大学（航天、航空）、北京理工大学（兵器、航天）、哈尔滨工业大学（航天、航空）、西北工业大学（航空、航天、航海、兵器）、哈尔滨工程大学（航海、核能、航天、航空、兵器）、南京航空航天大学（航天、航空、民航）、南京理工大学（兵器）。</p>
<p align=""justify"">　　注：以上信息来自网络，非官方发布，仅供参考</p>
</div></div>
            "
大学,武汉七校联盟,"<div class=""TRS_Editor""><div class=""Custom_UnionStyle"">
<div label-module=""para"">　　武汉七校联盟，又称七校联合办学，是指在中国湖北省武汉地区七所中华人民共和国教育部直属高等学校之间实施的一种联合办学模式，根据资源共享，优势互补，平等互利，相互促进的原则，七校从1999年开始联合办学，学生可以跨校跨学科辅修第二学位。</div>
<div label-module=""para"">　　联合办学由武汉大学、华中科技大学、华中师范大学、武汉理工大学、中国地质大学、华中农业大学和中南财经政法大学这7所全国重点大学组成，各自拿出本校特色优势专业联合办学，这七所高校的本科生，可以任选其中一所学校的公共选修课或专业课，可拿双学位，相当于“一张录取通知书，可上七所名校”。</div>
<div label-module=""para"">　　中国武汉地区重点大学之间的七校联合办学是中国大陆持续时间最长、实质性参与高校最多、合作范围最广、受益学生最多的一种联合办学模式。</div>
　　注：以上信息来自网络，非官方发布，仅供参考
<div label-module=""para""> </div>
</div></div>
            "
大学,建筑老八校,"<div class=""TRS_Editor""><div class=""Custom_UnionStyle"">
<div label-module=""para"">　　“建筑老八校”，是业内乃至学界对较早开设建筑学、城市规划相关专业，且在行业内拥有重大影响力的八所高校的概称。国内知名的建筑院校，即“四大”：清华大学、同济大学、东南大学、天津大学；“四小”：华南理工大学、重庆大学、哈尔滨工业大学、西安建筑科技大学。这八所院校就是业界俗称的“老八校”。八大高校地处东西南北中，均各据一方，各有特色，每所学校都有自己的专长。　　</div>
<div label-module=""para"">
<div label-module=""para"">　　“老八校”培养了大量的土建类优秀人才，其建筑学一级学科排名均在全国院校前列，专业实力毋庸置疑，在中国建筑界的地位无人能撼，对于很多用人单位来说，""老八校""的出身是一块就业的敲门砖。</div>
</div>
<div label-module=""para"">　　另外，建筑学与土木工程并不等同，需注意。</div>
<p align=""justify"">　　以上信息来自网络，非官方发布，仅供参考</p>
</div></div>
            "
大学,两电一邮,"<div class=""TRS_Editor""><div class=""Custom_UnionStyle"">
<p align=""justify"">　　“两电一邮”是指IT界中三所著名高校，即为：电子科技大学（在成都，简称“成电”，“电子科大”）、西安电子科技大学（在西安，简称“西电”）、北京邮电大学（在北京，简称“北邮”）。这三所高校，在教育部的IT领域的专业排名中名列前茅。是中国IT人才培养的重要基地。这三所学校是很多想要在IT行业发展和成长的学子首选之处。每年高考收分也是相当高的。其中“两电一邮”培养出的企业界知名校友就有：丁磊、孙亚芳、柳传志、李默芳、张立贵、唐骏等。</p>
<p>　　网络整理，仅供参考。</p>
</div></div>
            "
大学,四大工学院,"<div class=""TRS_Editor""><div class=""Custom_UnionStyle"">
<div label-module=""para"">　　1952年院系调整后，中央人民政府政务院在全国七大行政区域着重调拨组建了八大工学院，其中教育部直属的有四所重点工学院，即中国最早建立的四所著名重点工学院，分别为南京工学院（现<a title=""null"" href=""http://gkcx.eol.cn/schoolhtm/schoolTemple/school109.htm"" target=""_blank"" name=""AnchorAddByWCM"" class=""ContentLink"">东南大学</a>）、华南工学院（现<a title=""null"" href=""http://gkcx.eol.cn/schoolhtm/schoolTemple/school105.htm"" target=""_blank"" name=""AnchorAddByWCM"" class=""ContentLink"">华南理工大学</a>）、华中工学院（现<a title=""null"" href=""http://gkcx.eol.cn/schoolhtm/schoolTemple/school127.htm"" target=""_blank"" name=""AnchorAddByWCM"" class=""ContentLink"">华中科技大学</a>）、大连工学院（现大连理工大学）。</div>
<div label-module=""para"">　　在1952年前后的全国院系调整过程中，基于国家工业建设的需要，为了培养工业建设人才和师资，国家大力发展独立建制的工科院校，教育部直属四大工学院正是在这一背景下创建的、实力和影响力在当时都很靠前的高等多科性工业大学。</div>
</div></div>
            "
大学,长安联盟,"<div class=""TRS_Editor""><div class=""Custom_UnionStyle"">
<p align=""justify"">　　2017年5月17日，陕西师范大学、<a title=""null"" href=""http://gkcx.eol.cn/schoolhtm/schoolTemple/school37.htm"" target=""_blank"" name=""AnchorAddByWCM"">西北大学</a>、西安外国语大学、西北政法大学、西安邮电大学联合成立陕西高校“长安联盟”。又因西安市内616路公交正好穿过5所大学，又被网友和校友戏称616联盟。</p>
<div label-module=""para"">　　“长安联盟”通过深化合作，不断拓展合作内容，释放人才、资源等创新要素的活力，促进学科交叉融合，培育新的学科增长点，协同解决国家和区域发展的重大战略问题，使各校资源优势有效放大，加快学科、专业、人才和成果等四个一流建设。</div>
<div label-module=""para"">　　联盟各高校将从4个方面加强全面的战略合作。一是联合培养，充分发挥现有特色专业的人才培养优势，为其他高校学生提供跨校、跨专业学习机会。二是资源开放，联盟高校积极推进图书资料、学术讲座、学科竞赛、在线课程、实验室等教学科研资源共享。三是协同创新，联盟高校通过多种合作形式，充分聚合优质资源，在学科建设、人才培养、科学研究等领域推进协同创新。四是师资互聘，联盟高校的师资在人事关系保持不变的前提下，在教学、科研领域实行互聘共享。</div>
<div label-module=""para"">　　注：网络整理，仅供参考</div>
</div></div>
            "
专业,双一流学科,"<div class=""con-jianjie"">
				双一流是世界一流大学和一流学科建设，教育部印发的《教育部2016年工作要点》中要求，加快世界一流大学和一流学科建设，制订“双一流”实施办法。专家认为，启动实施的“统筹推进两个一流”战略，是中国大学冲刺国际前列、打造顶尖学府的“冲锋号”。以下是教育部公布的双一流建设高校和建设学科名单。
			</div>
			"
分数线,批次线,"<div class=""TRS_Editor""><p align=""justify"">　　也叫各批各类录取控制分数线。即省招办按照国家有关文件规定，根据当年招生计划、全省考生统考成绩统计表和往年考生复读等因素，按略大于招生计划数确定各批各类录取控制分数线。划定录取控制分数线的原则是既要考虑普通高校能够完成招生计划，又要减少自然落选的人数。</p></div>
            "
分数线,院校投档线,"<div class=""TRS_Editor""><p align=""justify"">　　在录取时，各省招办按照院校的调档要求，根据考生志愿报考情况，向招生院校批量投档。批量投档的分数最低的考生成绩即为该院校的投档线（亦称提档线、调档线、进档线）。</p>
<p align=""justify"">　　在同批录取的院校中，由于报考人数和考生成绩不均衡，形成的各院校投档分数线也不一样。它们的共同点一般是在同批录取控制分数线以上，而其不同点是部分院校由于生源充足，其投档线高于同批录取控制分数线，有的院校由于生源不足，投档分数线就只好定到同批录取控制分数线。</p>
<p align=""justify"">　　因此，有的考生统考成绩虽然生了同批录取控制分数线，但由于未达到所报院校的投档分数线，电子档案不能投放，因而参加不了该志愿的录取。</p></div>
            "
分数线,模拟投档线,"<div class=""TRS_Editor""><div class=""Custom_UnionStyle"">
<p align=""justify"">　　按照教育部规定，院校模拟投档线是按高校在相关省已公布的本批次招生计划数和提交的最终投档比例进行模拟投档形成的分数线。</p>
<p align=""justify"">　　仅适用于自主招生、高水平艺术团和定向就业招生等录取投档。</p>
<p align=""justify"">　　院校模拟投档线不是院校正式投档线，可能与实际投档线不一致。</p>
</div></div>
            "
分数线,一分一段表,"<div class=""TRS_Editor""><div class=""Custom_UnionStyle"">
<p align=""justify"">　　高考成绩公布后，省教育考试院网站公布各科类考生成绩统计表。</p>
<p align=""justify"">　　一分一段表是根据考生考分（含各类照顾加分）从高到低排序，以一分为一段，制成考生投档分的“一分段表”。考生填报志愿前，第一步要知道自己的位次，也就是说要比较准确地知道自己在全省同类考生中的排位。一分段表是一个比较重要的参照资料，对帮助考生合理选报志愿非常重要。</p>
</div></div>
            "
分数线,分数级差,"<div class=""TRS_Editor""><p>　　<strong>高考志愿填报术语</strong></p>
<p>　　所谓级差，是指高校在录取第一志愿和非第一志愿考生时最低录取控制线的分数差。一般情况下，录取非第一志愿考生的最低控制线要高出几分至几十分不等。如果再细分，还有“志愿级差”和“专业级差”两种，有的高校在录取第一志愿专业和非第一志愿专业中，也采用不同的录取分数线。</p>
<p>　　通俗解释： 所谓的级差，就是分数级差，而分数级差一般还可以分为学校志愿分级差和专业志愿分级差。</p>
<p>　　学校志愿分级差是指录取非第一院校志愿考生时的分数差额。例如，某高校规定的学校志愿分级差为20分，第一志愿调档分数线为600分，那么，第二志愿的调档分数线就为620分。第一志愿生源充足而且规定了志愿级差的院校，省招办按投档比例投完第一志愿考生档案，再按院校提出的志愿级差，将第二志愿且分数在级差之上的考生档案投放给学校，由学校审核录取。</p>
<p>　　另外，部分高校在分配专业时也规定了专业志愿分级差，是指录取非第一专业考生时的分数差额。例如，某一学校规定专业级差为5分，学校在分配专业时，将第二专业志愿的考生成绩减去5分后，和第一专业志愿的考生一起排序确定专业。</p>
<p>　　而没有规定专业志愿分级差的学校，在分配专业时，有的采取志愿优先的原则，即首先满足第一专业志愿考生，有的采用分数优先的原则，也就是优先录取分数高的考生。</p>
<p>　　<strong>志愿级差</strong></p>
<p>　　志愿级差（分数级差值）是指在高校第一志愿生源充足的前提下，提取非第一志愿（第二志愿）考生档案时，要求其分数高于第一志愿考生提档线的分数差值。 省高招办仍按规定的投档方式即1：1.2的比例，将第一志愿考生档案投给录取院校，实行分数级差的院校在录取过程中，如何提取符合其分数级差值的第二志愿考生档案，由院校自行决定，遗留问题也由录取院校负责解决。高校生源不足和考生志愿服从调剂的录取不实行分数级差。</p>
<p>　　<strong>专业(志愿)级差</strong></p>
<p>　　各专业志愿之间设有专业志愿级差，专业级差为5分、3分、2分、1分，即第一和第二志愿间志愿差为5分，第二和第三志愿间志愿差为3分……，调剂志愿不设专业级差。考生在填报专业志愿时要了解近几年来学校各招生专业的平均分和分数档次，然后根据自己的兴趣和实力将所报专业顺序进行合理排列。</p></div>
            "
分数线,提档分数线,"<div class=""TRS_Editor""><div class=""Custom_UnionStyle"">
<p>　　在同批录取的院校中，由于第一志愿报考人数不均衡，按照各院校招生计划、调档比例和考生成绩，各校的最低提档分数并不一样，这就自然地形成了院校的提档分数线。   </p>
<p>　　<strong>概述</strong></p>
<p>　　他们的共同特点一般是在同批录取控制分数线以上，而其不同特点是部分院校由于生源充足，其提档分数线高于同批控制分数线，有的院校由于生源不足，提档分数线就只好定到同批录取控制分数线，还有部分院校（专业）提档分数线低于同批录取控制分数线。因此，有的考生高考成绩虽然上了同批录取控制分数线，但由于未达到所报院校的提档分数线，电子档案不能投放，因而参加不了该校的录取，但也有部分学校由于生源不足，而低于某批控制分数线却被录取，就是由于降分的缘故。</p>
<p>　　<strong>大学提档分数线的确定</strong></p>
<p>　　提档分数线是将某省报考某大学的所有人按照高考分从高到低降序排列，再根据该高校的提档比例（通常为100%——150%），有生招生主管部门向高校提供相应数目的考生档案。则最后一名的分数即为提档分数线，由于高校提档后会存在退档的现象，因此通常提档分数线要比正式录取分数线略低。</p>
<p>　　如：2017年A大学在a省招生计划为10人，且A大学在a省提档比例为120%，则a省招生部门向A大学投出12个（10*120%=12）考生档案，且第十二个考生的分数即为A大学2017年在a省的提档分数线。</p>
</div></div>
            "
分数线,军检资格线,"<div class=""TRS_Editor""><p>　　<strong>军检资格线 </strong></p>
<p>　　军检资格线是作为军事学院录取的首要条件，所有报考的军事学院的考生必须通过军检线以后才可以进行体检、报考、面试等章程。</p>
<p>　　<strong>军检资格线定义： </strong></p>
<p>　　军事院校的体检线。线上考生可以参加军检、面试，报考提前批军事、公安院校。多年来一直与普通本科分数线相当，因此可以视为本科二批分数线，但有些军校的录取分较高，会在第一批录取分数线（重点线）附近上下浮动，幅度不太大。</p></div>
            "
分数线,线差 ,"<div class=""TRS_Editor""><p align=""justify"">　　线差分为考生考分线差与高校录取分线差。</p>
<p align=""justify"">　　考生考分线差是指考生的考分或预估分与考生所在省市的批次控制分数线的差值，即考生分数比批次控制分数线高多少分。</p>
<p align=""justify"">　　高校录取分线差是指高校在某个省市某批次的录取分数线与该省市的批次控制分数线的差值，即高校录取分比批次控制分数线高多少分。</p>
<p align=""justify"">　　线差的作用主要用于对招生院校的录取分数进行分析和比较，尤其是对不同年度的录取分数进行分析和比较，因为很多院校在不同年度的录取分经常会发生很大变化，但其录取线差一般波动不会太大。</p></div>
            "
分数线,最低分数线,"<div class=""TRS_Editor""><p>　　最低录取控制分数线是指省级招生部门根据当地全体考生当年高考成绩水平和国家下达的招生生源计划，相应确定的一个录取新生的最低成绩（总分）标准。</p>
<p>　　只有高考总分（艺术、体育考生含专业成绩）达到或超过这一分数线的考生（通常称“上线考生”）档案，才有资格被招生高校调阅并选择录取。</p>
<p>　　最低录取控制分数线一般是分专业类、分批次确定的。专业类一般分为文史、理工，以及音乐（文、理）、美术（文、理）、体育（文、理）等等，每一专业类又各分为本科提前批、本科一批、本科二批等等。文史、理工各批次的最低录取控制分数线只对文化总分作出规定，音乐、美术、体育专业的最低录取控制分数线则同时针对文化与专业两方面的总分作出规定。</p></div>
            "
分数线,专业平均分,"<div class=""TRS_Editor"">　　专业平均分又叫专业录取平均分，是指在高考招生录取中，某个大学某个专业录取某个省市考生的平均分，一般的计算方法是，将当年该专业录取的某个省的所有考生成绩加和，除以该专业录取的该省考生人数，得到的就是这个专业当年的录取平均分。<br>
　　专业平均分是考生填报高考志愿过程中的重要参考依据之一，与专业最低分，专业最高分一起，成为高考填报志愿的重要参考。从实际操作上来讲，是比专业最低分，专业最高分更合理的一条参考标准。</div>
            "
志愿填报,各类志愿,"<div class=""TRS_Editor""><div class=""Custom_UnionStyle"">
<p align=""justify"">　　志愿是指考生的志向和意愿；院校志愿是考生对高等院校志向的选择；专业志愿是考生根据自己的兴趣爱好、性格特点、发展潜能对院校中某一个或几个专业意愿所作出的选择。</p>
<p align=""justify"">　　院校志愿和专业志愿统称为高考志愿，两者是一个有机联系、相互作用统一体，它完整地表达了考生希望就读的院校和专业意向，在某种程度上决定了考生未来发展方向就业前景。</p>
<p align=""justify"">　　无效志愿就是对考生投档录取没有意义或无用的志愿，它有两种情况：一是由于考生笔误或填错或涂错院校代码，电脑无法按考生的原本意思显示或运行（在实际志愿填报时系统会报错而无法提交）；二是在同一批次院校志愿之间没有形成梯度或反向梯度关系，如果考生第一志愿没有被录取，其后的各个志愿都不会被录取。</p>
</div></div>
            "
志愿填报,征集志愿,"<div class=""TRS_Editor""><p align=""justify"">　　所谓“征集志愿”就是在某一批次正常录取结束之后，某些大学按公布的招生计划还未录取满额，省级招生部门通过各种渠道向考生公布，并组织成绩上了该批次省控线未被录取的考生按照缺额计划，再次填报本批院校的志愿，从而提高考生录取机会，以协助高校完成招生计划。特别是实行平行志愿后，其投档方式采取一次性投档，而对其未完成的招生计划的高校，普遍采取“征集志愿”。</p>
</div>
            "
志愿填报,平行志愿,"<div class=""TRS_Editor""><p>　　平行志愿投档录取模式是高考志愿的一种新方式，实行平行志愿投档录取模式，可以有效降低考生志愿填报风险。</p>
<p>　　平行志愿即在普通类院校各录取批次分别设置一个平行院校志愿和一个征求平行院校志愿。提前录取批次和本科各批次的平行院校志愿均包含A、B、C三所院校或ABCDE五所院校，也有为ABCDEFGHIJ十所院校（2016年河北省本科二批和三批合并报名，新的本科二批报名院校为十所），专科各批次平行院校志愿均包含A、B、C、D、E五所院校。每所院校志愿中含有六个专业志愿和一个专业服从调剂志愿。</p>
<p>　　在每批次平行院校志愿录取结束后，省招办将及时公布未完成招生计划的院校、专业及人数，未被录取的考生须按省招办规定的时间，自行前往市、县（市、区）招办规定的地点填报征求平行院校志愿。征求平行院校志愿包含A、B、C三所院校志愿和一个院校服从志愿。体育、艺术类各批次暂不设置平行院校志愿，每批次设置第一至第四院校志愿和院校服从志愿(注：河北省体育艺术本科提前批、本科一批批，专科提前批、专科批不设平行志愿，本科三批设置平行志愿），并按志愿顺序依次投档。</p>
<p>　　普通类平行院校志愿的投档原则是“分数优先，遵循志愿”。在投档时按考生四门科目总分从高分到低分排序并逐个投档，在依次检索考生所填A、B、C或A、B、C、D、E志愿时，只要被检索的三所或五所院校中一经出现符合投档条件的院校，即向该院校投档，该生即享受了该批次平行院校志愿投档机会，由高校决定其录取与否及所录取专业。平行志愿投档时，根据有关高校提出的调档比例，按照投档原则进行投档。对六门科目总分相同的考生，按其语、数、外三门科目分数之和从高分到低分排序并投档，如上述三门科目总分仍相同，则对这部分同分考生按其志愿（按从A至C或从A至E的顺序）全部投档，由高校决定其录取与否及所录取专业。对实行自主选拔录取高校确定的自主选拔录取考生，且其A志愿填报该高校，则按其A志愿投档。对高水平运动员、艺术特长生、单科优秀学生等符合投档条件的考生，分别按有关政策，并依照考生所报志愿，进行补充投档，由高校决定其录取与否及所录取专业。其中，对单科优秀考生，按其所填报平行志愿中的最后一所院校志愿投档。</p>
<p>　　在高校录取结束后，省招办将通过市、县（市、区）招办及时向考生、社会提供考生录取状态和未完成招生计划的院校、专业及招生人数等信息查询。未被录取的考生须按省招办规定的时间，自行前往市、县（市、区）招办规定的地点填报征求平行院校志愿（含院校服从调剂志愿）。</p>
<p>　　省招办对填报征求平行志愿（含院校服从调剂志愿）的考生按投档原则再次进行投档，由高校决定其录取与否及所录取专业。如考生不按规定的时间和地点填报平行院校志愿及征求平行院校志愿，则视为其自愿放弃该志愿填报机会。如考生不按当地招办规定的程序对本人所填报的志愿信息进行签名确认，而对考生本人录取产生的不利影响，由考生本人负责。</p>
<p>　　<strong>优势</strong></p>
<p>　　<strong>顺序志愿</strong></p>
<p>　　过去，每批次设置4个院校志愿和1个服从志愿。投档时，第一步：省招办根据考生志愿分学校排序，比如在本科第一批院校录取时，同时将所有第一志愿填报南京大学的考生排序，将所有填报东南大学的考生排序……第二步：再从高分往低分顺序向学校投档。第一志愿录取结束后，再将未录取考生按其所填的第二志愿院校分别排序，然后从高分往低分投档……以此类推。由于每批次考生只能选择一个第一志愿，其他志愿录取率相对较低，考生如果第一志愿报考的学校不能录取，所填第二、第三或其他志愿院校已录满，那么该考生就只能降低到下一个批次中录取，个别考生甚至因此落榜。所以，怎样选择第一志愿一直是考生和家长十分头疼的问题。</p>
<p>　　<strong>平行志愿</strong></p>
<p>　　实行平行志愿后，每批考生可同时选择A、B、C 3个或A、B、C、D、E 5个学校（2013年，山东省考生可一次填报6个院校），录取投档时，“分数优先，遵循志愿”。第一步：按考生成绩从高到低顺序排序，比如最高分是700分，则先投700分的考生，再投699分的考生，再投698分的考生……以此类推。第二步：每个考生投档时，按志愿中先A学校，再B学校，再C学校的顺序检索，如考分够A学校，就投档到A学校，如不够，则看B学校，以此类推……这样就相当于考生一次选择了3个或5个第一志愿，扩大了考生选择范围。对未被平行院校志愿录取的考生，还可以再参加征求平行志愿的填报，使考生拥有了更多的录取机会，在一定程度上降低了考生填报志愿的风险。</p></div>
            "
志愿填报,服从志愿,"<div class=""TRS_Editor""><p>　　服从志愿是指在高考填报志愿过程中，考生在每个批次填报之后的附加志愿，主要有批次服从和专业服从两个方面；批次服从又叫院校服从，简单来讲，就是如果自己的高考成绩不能达到自己填报的大学，就可以调剂到同一批次其他大学；从而增加自己被录取的可能性；自教育部推出平行志愿录取后，部分省市已经取消服从志愿。 </p>
<p>　　专业服从是指如果考生被录取到自己填报的大学，但是没有被自己填报的专业录取，如果服从专业调剂的话，学校会把这类考生调剂到本校其他专业，这叫专业调剂。如果不服从专业调剂，则学校会退档，学生则落榜，因此建议考生在填报志愿的时候，尤其是专业部分，最好填报服从志愿。</p></div>
            "
志愿填报,复征志愿,"<div class=""TRS_Editor""><p>　　复征志愿是指大学在高考第一轮录取工作结束后，某些大学未完成当年的录取招生指标。对达到了录取分数线而未被大学录取的考生提供的第二次补填志愿的机会，此次志愿成为征集志愿。</p>
<p>　　<strong>简介</strong></p>
<p>　　一般在高校的第一轮录取工作结束后进行。</p></div>
            "
志愿填报,院校服从,"<div class=""TRS_Editor""><p>　　高考的时候，假如考生报的学校都没有录上，那么招办就会给一个同批次的未招满计划的学校，但是其中任何专业你都要接受，选上院校服从会让考生的录取机会就大大增加。如不服从，又没有被你所填志愿学校提档，将被刷到下一个批次的院校，参加下一批次院校的投档。</p>
<p>　　服从志愿包括专业服从和院校服从两类。填写专业服从，表示无条件服从该校批次该类别所有的专业。在普通类、艺术类和体育类的每所院校志愿中，均有一个专业服从志愿。考生在""是否服从其它专业""栏填报""服从""，则表示愿意无条件服从该院校该批次该类别的所有专业。填写院校服从志愿，表示考生愿意无条件服从该批次该类别所有的院校和专业。在各批次征求平行志愿中，均包含有""是否服从其他院校""栏。</p>
<p>　　学校服从只在每个批次进行，也就是说，重点批次的学校服从，只调剂到重点批次院校，具体来讲，举个例子，比如说我报了3个重点大学的志愿，虽然说我也过了重点线，但是我的高考成绩没有达到这些学校的投档线，因此不能被我所报考的这三所大学录取，如果这个时候，用户填报了学校服从志愿，那么在重点批次里，有一些学校的投档线低，用户的分数刚好达到，而且，这些录取分数低的重点批次大学在当年招生不足，就产生了缺额，这个时候，这些上了重点线的考生就可以调剂到这些重点大学里面，从而增加了被录取的几率。</p>
<p>　　当然，学校调剂也有不足的地方，那就是，有可能调剂到你不喜欢的大学，或者你觉得比较差的重点大学，学校调剂在重点批次，二本，三本，高职大专里面都有，有些只到三本，但是，学校调剂是在同一个批次中进行的，也就是说，重点大学的学校调剂，就调剂到重点大学，不会把你调剂到二本去的。</p></div>
            "
志愿填报,降分投档,"<div class=""TRS_Editor""><p>　　根据教育部的规定：“有下列情形之一的考生，由省级招生委员会决定，可在高等学校调档分数线下适当降低分数要求投档，由学校审查决定是否录取。同一考生如符合多项降低分数要求投档条件的，只能取其中降低分数要求幅度最大的一项分值，且不得超过20分。</p>
<p>　　<strong>适用人群</strong></p>
<p>　　（1）边疆、山区、牧区、少数民族聚居地区的少数民族考生；</p>
<p>　　（2）归侨、华侨子女、归侨子女和台湾省籍考生；</p>
<p>　　（3）烈士子女。</p></div>
            "
志愿填报,高招档案,"<div class=""TRS_Editor""><p>　　<strong>定义</strong>  </p>
<p>　　参加高考的考生在考试前所要填充的关于个人信息的资料，也可能包括一些协议，例如高考诚信协议（一项促进考生文明守纪的协议书）。</p>
<p>　　<strong>内容 </strong></p>
<p>　　一般包括个人基本信息，如籍贯，出生日期，民族等等。</p>
<p>　　个人的主要经历：如小学、中学的地址，证明人。</p>
<p>　　个人的记录：如是否有不良记录。</p></div>
            "
志愿填报,调档比例,"<div class=""TRS_Editor""><p align=""justify"">　　是指某一院校调阅考生电子档案数与计划招生数的比例，在实行平等志愿的省份中，一般在105%-110%之间，并在各院校的《招生简章》予以公布。</p>
<p> </p>
<p> </p></div>
            "
志愿填报,梯度,"<div class=""TRS_Editor""><div class=""Custom_UnionStyle"">
<p align=""justify"">　　就是生活中常说的楼梯的台阶，有些楼梯两个台阶之间的高度差比较大，我们就说其梯度大；反之就其梯度小。在志愿填报中的梯度只表示两个或几个院校之间录取线差值的大小。</p>
<p align=""justify"">　　考生地选报志愿时要注意使院校与专业之间形成合理的梯度，以免造成滑档、进档退档或死档的风险。</p>
</div></div>
            "
志愿填报,志愿优先,"<div class=""TRS_Editor""><p align=""justify"">　　所谓志愿优先就是在报考该院校的考生中，首先考虑的是考生的专业志愿，也就是说先考虑第一专业志愿，再考虑第二专业志愿，依次类推。也叫“专业志愿清”。</p>
<p align=""justify"">　　比如一个考生未能达到第一专业志愿最低录取分数，将转入下面的专业志愿顺序，依次类推。如该专业前面已录满，不管该生分数多高，也不能进入该专业了。</p></div>
            "
志愿填报,分数优先,"<div class=""TRS_Editor""><p align=""justify"">　　所谓分数优先就是投档到该校的所有学生，从高分的学生开始依次按专业进行投档，也就是说，分数高的学生优先按专业顺序进行投档。也叫“分数清”。</p></div>
            "
志愿填报,大小年现象,"<div class=""TRS_Editor""><p align=""justify"">　　是某些院校在历年招生录取中，报考人数(批次最低控制线上)很不稳定、起伏较大，引起该校录取线较大幅度波动的趋势。</p></div>
            "
志愿填报,按大类招生,"<div class=""TRS_Editor""><p align=""justify"">　　就是将考生先按某一科类招进来，如工商管理类(包括工商管理、人力资源管理、会计学、财务管理、市场营销等专业)，大一、大二不分专业，统一学习专业基础课，大三时根据本人前期的考试成绩和意愿，再进行院系或专业的选择，这样做的主要目的是有利于人才的培养和发展。（具体分流以学校招生章程公布为准）</p></div>
            "
新高考,新高考选科,"<div class=""TRS_Editor""><p>　　新高考如何选科，高校对选科有哪些要求，这些都是考生和家长关注的重点。中国教育在线高考频道根据北京、天津、山东、海南、浙江等省市公布的普通高校招生专业(类)选考科目要求，制作了高校在各省选科专题，供考生、家长和老师参考。</p>
<ul>
    <li><a title=""浙江2020年新高考高校招生选科要求"" id=""inner_doc_1621801"" target=""_blank"" _innerdocid=""1621801"" href=""https://www.eol.cn/e_html/gk/zjxk/index.shtml"">浙江2020年新高考高校招生选科要求</a></li>
    <li><a title=""北京2020年新高考高校招生选科要求"" id=""inner_doc_1621800"" target=""_blank"" _innerdocid=""1621800"" href=""https://www.eol.cn/e_html/gk/bjxk/index.shtml"">北京2020年新高考高校招生选科要求</a></li>
    <li><a title=""天津2020年新高考高校招生选科要求"" id=""inner_doc_1621776"" target=""_blank"" _innerdocid=""1621776"" href=""https://www.eol.cn/e_html/gk/tjxk/index.shtml"">天津2020年新高考高校招生选科要求</a></li>
    <li><a title=""山东2020年新高考高校招生选科要求"" id=""inner_doc_1621604"" target=""_blank"" _innerdocid=""1621604"" href=""https://www.eol.cn/e_html/gk/sdxk/index.shtml"">山东2020年新高考高校招生选科要求</a></li>
    <li><a title=""海南2020年新高考高校招生选科要求"" id=""inner_doc_1622699"" target=""_blank"" _innerdocid=""1622699"" href=""https://www.eol.cn/e_html/gk/hnxk/index.shtml"">海南2020年新高考高校招生选科要求</a></li>
    <li><a title=""上海2020年新高考高校招生选科要求"" id=""inner_doc_1624347"" target=""_blank"" _innerdocid=""1624347"" href=""https://www.eol.cn/e_html/gk/shxk/index.shtml"">上海2020年新高考高校招生选科要求</a> 　</li>
</ul></div>
            "
新高考,新高考平行志愿,"<div class=""TRS_Editor""><p>　　就在几日前，浙江省新高考招生录取方案正式向社会公布。按照方案要求，浙江省高校招生录取将不分批次，实行专业平行投档。录取分普通类、艺术类、体育类，普通类则分提前录取和平行录取。其中，平行录取改现行分批填报志愿和录取为按学生成绩分段填报志愿分段录取，以院校为单位的平行志愿则改为以专业(类)为单位的平行志愿。投档时，以考生符合所填报志愿的选考科目范围为前提，根据考生高考总分，实行专业平行志愿投档，直接投到考生所填报的具体院校的具体专业(类)。专业平行志愿，考生每次可填报志愿不超过80个。</p>
<p>　　80个啊，听起来是不是很多？确实不少。目前大学专业排名还没有最后公布，高考最后的语文和数学也还没考，填志愿的事情似乎对考生来说还无从考虑，但很多家长已经进入了研究状态，一些教育界的专家也站出来说了一些原则性的话，认为万变不离其综，既然是考大学，总上分数越高越有可能考上高级的大学，而且大学是距离就业最近的学习时机，所以，就需要充分地领会新高考所强调的专业的重要性，领会“专业第一”的基本概念。把握住三个原则，稳稳地走三步，就能轻松搞定80个志愿，把自己送进理想的、最适合的高校。</p>
<p>　　第一个原则是“喜欢”。首先要把自己最喜欢的专业放在最前面。这就要求考生在平时就要不断思考和探索自己的兴趣和爱好，增强对目标大学及专业的了解。对于有意向的大学和专业要有一个喜好程度的排序，不要过于计较往年投档分的高低。</p>
<p>　　第二个原则是“高低分”原则。就是在填报志愿时要参考往年的录取分数线，新高考改革目前还是在浙江省范围之内，高校的专业排名应该是一个长期积累的过程，不太可能有很大的变化，所以往年的录取分数线是一个很好的参考，依据高分在前、低分在后的规律，排出来，根据自己的成绩进行填报，就错不到哪里去。</p>
<p>　　第三个原则是“冲一冲”。既然有80个志愿可以填报，为了尽可能发挥出它的作用，就需要在同一批志愿里也分出档次，多找几个保底的平行志愿，当然，这些保底的志愿也是自己能接受的，这样就不会轻易地因为前面的志愿录不进就自动掉落到下一个档次的志愿，大大降低不录取的几率。这里需要了解的是，2017年是新高考政策的第一年，它的一个显著变化，是会造成许多考生进了原先以为进不了的学校，这对考生来说是很好的机遇。所以，如果你不是很在意掉落到下一档次的学校的话，就可以放大胆地冲一冲，多填几个平时觉得有点高攀的学校，或许，就真的进了呢？</p>
<p>　　<strong>具体该怎么做？有专家建议“三步走”:</strong></p>
<p>　　第一步，就是选择出30个左右的志愿冲学校。这是作为“冲”的志愿，那么适合的就是那些学校对你来说很不错、但往年的取分比较低的专业。这里需要有几个常识：比较偏远地区好学校的一般专业更容易爆冷门；在选考科目上提出单科选考科目要求的，因为有资格报考的考生大大减少，竞争程度往往会低一些；如果有明确考研意向的，可以选择一些取分相对较低基础学科，本科期间打下扎实基础，更有利于考研。你冲的是学校，对专业就不必过于纠结。专业不理想问题有两个饿解决的办法，一是进了高校再转专业，二是通过考研实现换专业。</p>
<p>　　第二步，选择30个左右最有可能被录取的志愿。考生可以在以行业发展的大前提下综合考虑自己的兴趣爱好、个性特长、家庭背景、就读城市等自己认为重要的要素，筛选出大学和专业间的最佳结合点。建议挑选出10所左右大学，每所大学选择3个专业，然后根据喜好程度、有梯度地排序。</p>
<p>　　第三步，选择20个左右志愿作为保底专业。针对这些志愿，我们在分数上是有较大优势的，最好的情况是学校很一般但专业和地域上有优势的那种学校和专业。这里能想象得到的是，按专业填报志愿后，热门专业会更热门，即使是那些在较低批次学校的热门专业，录取分数一般也会提高不少。</p>
<p>　　新高考扩大了考生选择权，相应地的，我们就需要提高选择的能力。近日，浙江省教育考试院推出了一个2017模拟演练填报系统，从1月18日到1月19日，，所有考生可以演练填报，1月20日到21日，则是总分达到一段线的考生演练填报。这个填报，都是虚拟的，只为了让大家熟悉填报规则，做到心中有数，等真的完成了语文和数学的最后高考，拿到了最终的高考分数，再面对我国招生的上千所高校的时候，面对几百个专业的时候，就不会太慌张，而是胸有成竹，马到成功。</p></div>
            "
新高考,院校专业组,"<div class=""TRS_Editor""><p align=""justify"">　　“院校专业组”由招生院校根据不同专业（含专业或大类）的科目要求和人才培养需要设置，是本科志愿填报与投档录取的基本单位。一所高校可设置一个或多个“院校专业组”，每个“院校专业组”内可包含数量不等的专业。在上海招生高校已于2015年公布了专业的选考科目要求，将按照“院校专业组”方式在上海开展招生。考生的选考科目只要有1门与该“院校专业组”科目要求相同，即具有填报资格。</p>
<p align=""justify"">　　同一高校的不同“院校专业组”之间互无关联，符合填报资格的考生可以填报某所高校的1个“院校专业组”，也可以填报同一所高校的多个不同的“院校专业组”；既可以连续填报同一所高校的不同“院校专业组”，也可以间隔填报同一所高校的不同“院校专业组”。</p></div>
            "
特殊招生,强基计划,"<div class=""TRS_Editor""><p>　　基础学科招生改革试点，也称强基计划，是教育部开展的招生改革工作，主要是为了选拔培养有志于服务国家重大战略需求且综合素质优秀或基础学科拔尖的学生。2020年1月13日，《教育部关于在部分高校开展基础学科招生改革试点工作的意见》印发，决定自2020年起，在部分高校开展基础学科招生改革试点。</p>
<p>　　<b>强基计划招生院校有哪些？    </b></p>
<p>　　起步阶段，在部分“一流大学”建设高校范围内遴选高校开展试点。2020年共有36所试点高校开展“强基计划”招生。  强基计划试点高校名单：北京大学、中国人民大学、清华大学、北京航空航天大学、北京理工大学、中国农业大学、北京师范大学、中央民族大学、南开大学、天津大学、大连理工大学、吉林大学、哈尔滨工业大学、复旦大学、同济大学、上海交通大学、华东师范大学、南京大学、东南大学、浙江大学、中国科学技术大学、厦门大学、山东大学、中国海洋大学、武汉大学、华中科技大学、中南大学、中山大学、华南理工大学、四川大学、重庆大学、电子科技大学、西安交通大学、西北工业大学、兰州大学、国防科技大学</p>
<p>　　<b>强基计划录取依据标是什么？</b></p>
<p>　　高校依据考生的高考成绩，按在各省（区、市）强基计划招生名额的一定倍数确定参加高校考核的考生名单。考生参加统一高考和高校考核后，高校将考生高考成绩、高校综合考核结果及综合素质评价情况等按比例合成考生综合成绩（其中高考成绩所占比例不得低于85%），根据考生填报志愿，按综合成绩由高到低顺序录取。</p>
<p>　　<b>通过强基计划录取的学生将来如何培养？ </b></p>
<p>　　强基计划将积极探索基础学科拔尖创新人才培养模式。高校通过强基计划录取的学生培养上，一是单独制定培养方案。单独编班，配备一流师资，提供一流学习条件，创造一流的学术环境与氛围，实行导师制、小班化培养。建立激励机制，增强学生的荣誉感和使命感。通过强基计划录取的学生入校后原则上不得转到相关学科之外的专业就读。</p>
<p>　　二是畅通成长发展通道。对学业优秀的学生，高校可在免试推荐研究生、直博、公派留学、奖学金等方面予以优先安排。探索建立本-硕-博衔接的培养模式。</p>
<p>　　三是推进科教协同育人。鼓励国家实验室、国家重点实验室、前沿科学中心、集成攻关大平台和协同创新中心等吸纳这些学生参与项目研究，探索建立结合重大科研任务的人才培养机制。</p>
<p>　　四是强化质量保障机制。建立科学化、多阶段的动态进出机制，对进入计划的学生进行综合考查、科学分流。建立在校生、毕业生跟踪调查机制和人才成长数据库，根据质量监测和反馈信息不断完善招生和人才培养方案。加强对学生的就业教育和指导，积极输送高素质后备人才。</p>
<p>　　<b>强基计划和原自主招生有哪些区别？</b></p>
<p>　　一是选拔定位不同。自主招生主要选拔“具有学科特长和创新潜质的学生”，而强基计划主要选拔“有志于服务国家重大战略需求且综合素质优秀或基础学科拔尖的学生”。</p>
<p>　　二是招生专业不同。自主招生未限定高校招生专业范围；强基计划突出基础学科的支撑引领作用，重点在数学、物理、化学、生物及历史、哲学、古文字学等相关专业安排招生。</p>
<p>　　三是入围校考的依据不同。自主招生的入围依据主要是考生的申请材料；强基计划的入围依据是考生高考成绩，极少数在相关学科领域具有突出才能和表现的考生，有关高校可制定破格入围高校考核的条件和办法，并提前向社会公布。</p>
<p>　　四是录取方式不同。自主招生采取降分录取的方式，最低可降至一本线；强基计划将考生高考成绩（不低于85%）、高校综合考核结果和综合素质评价等折算成综合成绩，从高到低顺序录取，体现对学生更加全面的考查。</p>
<p>　　五是培养模式不同。相关高校对自主招生录取的学生在培养方式上未作特殊安排；强基计划录取学生将实行小班化、导师制，并探索本—硕—博衔接的培养模式，畅通学生成长发展通道，实现招生培养良性互动。</p>
<p>　　<a href=""https://www.eol.cn/e_html/gk/qjjhjz/index.shtml"" target=""_blank"" style=""""><b>强基计划招生高校招生简章及报考指南</b></a></p></div>
            "
特殊招生,艺术类专业,"<div class=""TRS_Editor""><div class=""Custom_UnionStyle"">
<p align=""justify"">　<strong>　1.艺术类专业范围：</strong></p>
<p align=""justify"">　　《普通高等学校本科专业目录(2012年)》中“艺术学门类”下设各专业，以及《普通高等学校高等职业教育(专科)专业目录(2015年)》中“艺术设计类”“表演艺术类”下设各专业和“民族文化类”“广播影视类”等部分专业，统称为艺术类专业。</p>
<p align=""justify"">　　<strong>2.艺术类专业招生办法</strong>。</p>
<p align=""justify"">　　高校艺术类专业应综合考虑考生艺术专业成绩和高考文化成绩，择优选拔录取。同一高校同一专业(含同一专业下设各招考方向)应采用同一种录取办法。</p>
<p align=""justify"">　<strong>　3.艺术类专业考试。</strong></p>
<p align=""justify"">　　艺术类专业考试分为省级统考和校考。其中，省级统考由省级招生考试机构独立或联合组织，校考由招生院校组织。各省级招生考试机构应为本行政区域内考生组织美术学类和设计学类专业省级统考，有条件的省份还应组织其他艺术类专业省级统考，2019年要创造条件组织音乐类、舞蹈类、播音与主持艺术等专业(类)省级统考。省级统考已涵盖的专业，高校一般应直接使用统考成绩作为考生的专业考试成绩。确有必要补充考核的艺术类本科专业，高校应面向省级统考合格生源组织校考。省级统考未涵盖的艺术类专业，高校可组织校考。</p>
<p align=""justify"">　　<strong>4.艺术类专业高考文化成绩录取要求</strong>。</p>
<p align=""justify"">　　省级招生考试机构应因地制宜、分类划定艺术类各专业高考文化课成绩录取控制分数线。其中，艺术类本科专业高考文化课录取控制分数线不得低于本省(区、市)普通本科第二批次录取控制分数线的65%，逐步提高艺术学理论类、戏剧与影视学类(不含表演)有关本科专业高考文化课录取控制分数线，2019年起中央部门高校的相关专业不得低于普通专业所在批次控制分数线。艺术类高职(专科)专业录取控制分数线不得低于本省(区、市)普通高职(专科)录取控制分数线的70%。</p>
<p align=""justify"">　　<strong>5.艺术类专业投档模式</strong>。</p>
<p align=""justify"">　　艺术类专业录取工作安排在各省(区、市)相应普通本科、高职(专科)提前批次集中录取。</p>
<p align=""justify"">　　<strong>6.单独考试招生试点工作要求。</strong></p>
<p align=""justify"">　　按照遵循艺术教育规律、严格规范管理的原则，经教育部批准的部分独立设置的本科艺术院校的艺术类本科专业，可不编制分省分专业招生计划，可面向省级统考合格生源跨省组织专业校考，可自主划定高考文化成绩录取控制分数线。</p>
<p align=""justify"">　　7.凡艺术类专业录取的学生，入学后不得转入非艺术类专业。</p>
</div></div>
            "
特殊招生,体育类专业,"<div class=""TRS_Editor""><p align=""justify"">　　根据教育部《普通高等学校本科专业目录(2012年)》，教育学门类下设体育学类，其中包括体育教育、运动训练、社会体育指导与管理、武术与民族传统体育(注：原名民族传统体育)、运动人体科学等5个基本专业，还有运动康复(可授教育学或理学学士学位)和休闲体育两个特设专业。此外，在管理学门类的工商管理类下设有体育经济与管理专业。有些高校还开设了新闻学专业(体育新闻方向)。</p>
<p align=""justify"">　　在这些专业中，报考体育教育、社会体育指导与管理、休闲体育等专业的考生，除了参加普通高考文化课考试外，一般还要参加所在省(市、区)组织的体育类专业考试并取得合格成绩。体育类专业考试一般包括身体素质考试项目(100米跑、原地推铅球、800米跑等)和专项技术考试项目(田径、篮球、排球、足球、网球、羽毛球、乒乓球、体操、武术、游泳等)。部分省市还会组织面试。报考运动人体科学、体育经济与管理、新闻学(体育新闻方向)等专业的考生一般不必参加体育专业考试和面试，但须具备一定的体育运动基础。详见各省(市、区)当年体育类招生规定、办法等。</p>
<p align=""justify"">　　报考体育类专业的考生，要按生源所在省级招办要求参加高考报名、考试、填报志愿等工作。体育类本科专业一般在提前进行录取；体育类高职(专科)专业一般在高职(专科)提前批中进行录取。(各省批次设置有差异)报考运动人体科学、体育经济与管理、新闻学(体育新闻方向)等专业的考生要特别注意这些专业所在批次。(以生源所在省级招办公布的当年《普通高等学校招生专业目录》为准。)</p>
<p align=""justify"">　　各省级招生委员会划定并公布当年体育类专业最低文化控制分数线。</p>
<p align=""justify"">　　报考运动训练、武术与民族传统体育的考生，可参加单独招生考试。按往年政策，运动训练、武术与民族传统体育专业的招生实行文化考试和体育专项考试相结合的办法。</p>
<p align=""justify"">　　文化考试科目为语文、数学、政治、英语四科，各科试卷满分为150分，总分600分。 试卷由教育部考试中心组织命题印制；省级招生考试机构负责试卷接收和考试组织实施。所有考生必须参加高考报名所在地省级招生考试机构组织的文化考试。</p>
<p align=""justify"">　　体育专项考试满分100分，考试分项目采用全国统考和分区统考方式，由国家体育总局委托院校负责组织实施，执行国家体育总局制定的《普通高等学校运动训练、武术与民族传统体育专业体育专项考试方法与评分标准》。</p></div>
            "
特殊招生,高水平艺术团,"<div class=""TRS_Editor""><div class=""Custom_UnionStyle"">
<p align=""justify"">　　高水平艺术团招生是指部分高校为活跃校园文化、丰富校园生活而招收具有艺术特长的考生。其与高考艺术类专业招生并不是一回事。报考高水平艺术团的考生参加艺术测试合格后，可在高考时享受录取优惠政策，被高校录取后进入普通专业学习，并利用课余时间参加高校的文艺排练和演出。</p>
<p align=""justify"">　　艺术团招生主要招收艺术团首席表演者或对幼功要求高的相关专业项目的艺术团成员，不招收与艺术团无关的艺术特长生。已开设有艺术类专业的试点高校不再单独招收相应专业项目的艺术特长生，美术、书法、播音主持一般不纳入艺术团招生范围。目前，经教育部批准具有招生资格的高校共有53所，高水平艺术团的招生规模不超过试点高校上一年度本科招生计划的1%。</p>
<p align=""justify"">　　1.高水平艺术团招生范围</p>
<p align=""justify"">　　高校高水平艺术团招生主要招收艺术团首席表演者或对幼功要求高的相关专业项目的艺术团成员。已开设有艺术类专业的试点高校不再单独招收相应专业项目的艺术特长生(如高校已安排小提琴方向的艺术类专业招生，则艺术团不得再招收小提琴项目)，美术、书法、播音主持不宜纳入艺术团招生范围。</p>
<p align=""justify"">　　2.艺术团招生办法</p>
<p align=""justify"">　　考生根据试点高校确定的报名条件，提交材料并申请参加学校组织的艺术团相关项目专业测试。试点高校确定并公示合格考生名单及享受高考文化课成绩优惠的相应录取要求;按照本校公布的办法，择优录取专业测试合格、高考文化成绩达到相应录取要求的考生。艺术团招生规模不得超过试点高校上一年度本科招生计划的1%。</p>
<p align=""justify"">　　3.资格初审及测试</p>
<p align=""justify"">　　试点高校应明确考生报考资格条件，根据考生提交的相关资格证明、本人表演视频等材料，组织专业领域专家进行初审，择优确定参加考试的考生名单。</p>
<p align=""justify"">　　4. 高考文化课成绩录取要求</p>
<p align=""justify"">　　试点高校制订本校艺术团录取考生高考文化课成绩最低要求方案，一般不低于本校在生源省份本科第一批次最终模拟投档线下20分。对于少数艺术团测试成绩特别突出的考生，高校可适度降低高考文化课成绩录取要求，但不得低于生源省份本科第一批次录取控制分数线。</p>
<p align=""justify"">　　5.高水平艺术团管理</p>
<p align=""justify"">　　高校艺术团学生要接受所在院系和艺术团双重管理，既要按本专业培养方案完成专业学习任务，也要认真履行参加排练和演出的义务。试点高校要针对艺术团学生专门制订艺术团培养方案，将艺术团排练演出作为艺术团学生附加必修学分进行考核。</p>
</div></div>
            "
特殊招生,高水平运动队,"<div class=""TRS_Editor""><p align=""justify"">　　高水平运动员是针对文化课成绩优秀的专业运动员或具有专业运动员水平的考生设立的一种招生方式。招生院校以各省市重点院校为主，招收项目以世界大学生运动会、全国大学生运动会的运动项目为主，如田径、篮球、足球、乒乓球、排球、游泳、射击、武术套路、健美操、龙舟等。目前全国有279所高校具有招收高水平运动队资格。</p>
<p align=""justify"">　　报考高水平运动队的考生，专业测试采取全国统考、高校联考和高校校考相结合的组织方式。高考文化成绩一般不低于生源省份本科第二批次录取控制分数线；对于少数体育测试成绩特别突出的考生，高校可适度降低文化成绩录取要求，但不得低于生源省份本科第二批次录取控制分数线的65%。通常招收高水平运动员院校的招生简章会在1月左右陆续发布，然后需要考生在该校招生官网进行报名，学校会对报名申请者进行初审，初审合格者参加学校组织的复试，复试一般包括文化水平测试、体育专项测试。</p>
<p align=""justify"">　　<strong>报考高水平运动队须要具备哪些条件？</strong></p>
<p align=""justify"">　　1.考生需要参加高考报名。</p>
<p align=""justify"">　　2.符合普通高校年度招生工作规定的报名要求且具备以下条件之一者方可参加高水平运动员招生考试报名：</p>
<p align=""justify"">　　（1）高级中等教育学校毕业，获得国家二级运动员（含）以上证书且高中阶段在省级（含）以上比赛中获得集体项目前六名的主力队员或个人项目前三名者；</p>
<p align=""justify"">　　（2）具有高级中等教育毕业同等学力，获得国家一级运动员（含）以上证书者，或近三年内在全国（或国际）集体项目比赛中获得前八名的主力队员。</p>
<p align=""justify"">　　凡以同等学力报考的考生必须提供与高级中等教育相当的学习证明和成绩单，由省级教育行政部门协助招生院校对其资格进行认定。未经资格认定的同等学力考生不得报考。</p></div>
            "
特殊招生,高职单招,"<div class=""TRS_Editor""><div class=""Custom_UnionStyle"">
<p align=""justify"">　　高职院校单独招生(简称高职单招)是为贯彻落实《国务院关于大力发展职业教育的决定》精神，全面推进素质教育，突出高职教育特色，积极推进高考招生制度改革，选拔综合素质高和具有创新能力、实践能力、特殊才能的优秀高中毕业生进入高职院校学习而推出的重大政策，即高等职业教育院校根据自身专业教学需要设置考试科目，自主命题、考试、评卷、面试、录取。高职单招主要是本省院校面向本省考生进行招生，一旦被录取，就不需要参加6月份的高考了。</p>
<p align=""justify"">　　单招和统招的区别：　　</p>
<p align=""justify"">　　1.考试时间不一样，普通高考为6月份，高职单招一般在3月份。　　</p>
<p align=""justify"">　　2.统招是指统一招生考试，国家计划内统一招录。目前的普通高校高考（包括中职的单考单招）。通过参加由教育部组织的高考并被录取，毕业后由教育部颁发认证文凭的考生，包括本科生和专科生。单招考试是由省（市）考试院统一组织，各试点单招学校独立命题、自主组织测试。</p>
</div></div>
            "
特殊招生,国家专项计划,"<div class=""TRS_Editor""><p align=""justify"">　　国家专项计划是面向农村贫困地区定向招生专项计划的简称，由中央部门高校和省属重点高校承担。</p>
<p align=""justify"">　　国家专项计划申报资格 ：</p>
<p align=""justify"">　　(1)在户籍所在县（市、区）报名，并符合年统一高考报名条件；</p>
<p align=""justify"">　　(2)本人具有实施区域当地连续3年以上户籍，其父亲或母亲或法定监护人具有当地户籍；</p>
<p align=""justify"">　　(3)本人具有户籍所在县（市、区）高中连续3年学籍并实际就读。</p>
<p align=""justify"">　　申报国家专项计划须同时具备以上3项条件。批次安排在提前特殊类型批和本科提前批B，执行的文化控制线分别由各高校自行确定。</p></div>
            "
特殊招生,高校专项计划,"<div class=""TRS_Editor""><div class=""Custom_UnionStyle"">
<p align=""justify"">　　高校专项计划，又称“农村学生单独招生”，旨在帮助成绩优良的农村学生更畅通地考上“好大学”。高校专项计划主要招收边远、贫困、民族等地区县（含县级市）以下高中勤奋好学、成绩优良的农村学生。全国有95所高校承担高校专项计划，全部使用高校专项计划报名系统报名。</p>
<p align=""justify"">　　高校专项计划申报资格：</p>
<p align=""justify"">　　(1)在户籍所在县（市、区）报名，并符合统一高考报名条件；</p>
<p align=""justify"">　　(2)本人及父亲或母亲或法定监护人户籍地在实施区域的农村，本人具有当地连续3年以上户籍；</p>
<p align=""justify"">　　(3)本人具有户籍所在县（市、区）高中连续3年学籍并实际就读。</p>
<p align=""justify"">　　申报高校专项计划须同时具备以上3项条件。批次安排在本一特殊类型批，计划性质为“非定向”，只设一志愿，只能填报1院校，录取分数原则上不低于有关高校所在批次同科类录取控制分数线。</p>
<p align=""justify"">　　经有关高校考核合格且在教育部“阳光高考”信息平台公示无异议的考生方可填报。不按上述规定填报的志愿将视为无效志愿。</p>
<p align=""justify"">　　<strong>特别提醒</strong>：</p>
<p align=""justify"">　　一些院校的高校专项计划不分省，考生全国排队，择优录取；还有一些院校计划分省或部分计划分省，分省排队。详情请考生咨询招生院校。</p>
</div></div>
            "
特殊招生,地方专项计划,"<div class=""TRS_Editor""><div class=""Custom_UnionStyle"">
<p align=""justify"">　　地方专项计划，是省属重点高校定向招收本省实施区域农村学生的简称，由省属重点高校承担，实施区域为县。</p>
<p align=""justify"">　　地方专项计划申报资格：</p>
<p align=""justify"">　　(1)在户籍所在县（市、区）报名，并符合2018年统一高考报名条件；</p>
<p align=""justify"">　　(2)本人及父亲或母亲或法定监护人的户籍在实施区域的农村且本人具有当地连续3年以上户籍；</p>
<p align=""justify"">　　(3)本人具有户籍所在县（市、区）高中连续3年学籍并实际就读。</p>
<p align=""justify"">　　申报地方专项计划须同时具备以上3项条件。</p>
</div></div>
            "
特殊招生,公费师范生,"<div class=""TRS_Editor""><p align=""justify"">　　师范生公费教育是指国家在北京师范大学、华东师范大学、东北师范大学、华中师范大学、陕西师范大学和西南大学六所教育部直属师范大学面向师范专业本科生实行的，由中央财政承担其在校期间学费、住宿费并给予生活费补助的培养管理制度。</p>
<p align=""justify"">　　按照《教育部直属师范大学师范生公费教育实施办法》，国家公费师范生享受免缴学费、住宿费和补助生活费政策，通过双向选择等方式切实为每位毕业的公费师范生落实任教学校和岗位。</p>
<p align=""justify"">　　公费师范生毕业后一般回生源所在省份中小学任教，并承诺从事中小学教育工作6年以上。到城镇学校工作的公费师范生，应到农村义务教育学校任教服务至少1年。国家鼓励公费师范生长期从教、终身从教。</p></div>
            "
特殊招生,保送生,"<div class=""TRS_Editor""><p align=""justify"">　　是应届毕业的省级优秀学生、全国中学生奥赛集训队及国内国际著名大赛获得者，按条件或程序、相关政策保送到高等院校，并在其所在学校进行公示，接受社会监督，已录取的保送生原则上不再参加高考。</p></div>
            "
特殊招生,军、警校生,"<div class=""TRS_Editor""><div class=""Custom_UnionStyle"">
<p align=""justify"">　　军校生一般是指在军事院校求学的学生。在校期间享受军人待遇，并计算军龄，毕业后直接面向军队安排工作，按照就业岗位的不同，分为指挥类和非指挥类两种。</p>
<p align=""justify"">　　公安院校招生是国家针对警察专业培养目标与选拔要求，而设置的一种特殊招生模式。公安院校招生包括普通公安院校招生(含定向培养特殊公安专业人才招生)、现役公安院校招生。</p>
</div></div>
            "
特殊招生,定向生,"<div class=""TRS_Editor""><div class=""Custom_UnionStyle"">
<p align=""justify"">　　是指对西部九省及农业、林业、地质、航海、能源、建材、气象、国防、军工、解放军等环境比较艰苦的地区和特殊行业部门，高校可按招生计划的一定比例定向招生、定向就业，如完不成招生计划时可在该院校录取分数线降分录取。</p>
</div></div>
            "
特殊招生,综合评价,"<div class=""TRS_Editor""><div class=""Custom_UnionStyle"">
<p align=""justify"">　　综合评价招生制度试点旨在建立学业水平测试、综合素质评价和统一选拔考试三位一体的多元化招生考试评价体系，从而有利于选拔适合高校培养目标的学生，有利于引导中学实施素质教育。</p>
<p align=""justify"">　　截至2018年，已有浙江、上海、江苏、山东、广东多个地区参与综合评价招生。</p>
</div></div>
            "
特殊招生,少年班,"<div class=""TRS_Editor""><p align=""justify"">　　经国家批准，中国科学技术大学、西安交通大学、中南大学3所高校专门设立了少年班，招收15岁及其以下年龄就完成了高中学业的超常少年入学，超常入学少年参加高考，提前与有关院校联系并进行面试等考核。</p></div>
            "
特殊招生,三位一体,"<div class=""TRS_Editor""><p>　　“三位一体”综合评价招生制度是指将成长性评价和一次性评价相结合，融学业水平测试、综合素质评价和高考三方面评价要素为一体的多元化招生考试评价体系。“三位一体”综合评价招生制度试点旨在建立学业水平测试、综合素质评价和统一选拔考试三位一体的多元化招生考试评价体系，从而有利于选拔适合高校培养目标的学生，有利于引导中学实施素质教育。</p>
<p>　　三位一体的具体实现途径，是在中学综合素质评价合格的前提下，高校可以把学业水平测试成绩的相应等第作为前置条件，也可提出相应的选修课要求，符合条件的学生参加试点院校的综合素质测试和高考，高校将考生学业水平测试、综合素质测试（特殊才能测评）和高考成绩以一定比例合成综合成绩，并按综合成绩择优录取。</p>
<p>　　<strong>“三位一体”招生：一考不再定终身</strong></p>
<p>　　“三位一体”综合评价招生制度，弥补了单纯以高考分数选拔学生的不足，拓宽高考选拨多元化途径，强化学业水平测试和高校综合素质评价在招生录取中的作用。对高校来说，通过与统一高考的结合，体现其招生自主权，有助高校选拔、挖掘到有潜质的学生；对中学来说，在一定程度上避免了光强调素质教育但无法落实的尴尬。</p>
<p>　　同样，对考生们来说，“三位一体”招生的好处也是显而易见的：满足其对于高考的选择性要求，即使你在高考中“小有失常”，没能考上相应批次的分数线，只要你在高校自主主持的综合素质测试中表现良好，仍有机会在提前批次中被心仪的学校录取。</p>
<p>　　浙江省从2011年开始在2所高校率先试行“三位一体”招生，后续逐年扩大试点范围。2013年有22所普通高校开展了“三位一体”招生，招生录取1885人，是2011年人数的7倍多。对于这样的招生方式，考生反应热烈，各高校报名点都呈现出火爆的场面。不少高校的报名录取比例超过10：1。而高校跟踪调查发现，通过“三位一体”招的学生在活跃度和心理调适能力上明显高于其他学生；他们的学习成绩、社会活动能力、适应性普遍较好。</p>
<p>　　<strong>“三位一体”招生的报名条件、考试模式、录取方式</strong></p>
<p>　　<strong>报考条件 </strong></p>
<p>　　符合浙江省当年高考报考条件和有关试点高校规定要求的高中毕业生，均可报名“三位一体”综合评价招生，具体报考条件一般由高校自主确定经省教育考试院审核备案后公布。在全省高考统一报名之后，考生还需参加试点高校“三位一体”综合评价招生报名，学生根据本人情况和高校规定的报考条件自主报考，报名时按高校要求提供材料，并签订《诚信承诺书》。</p>
<p>　　<strong>考试模式 </strong></p>
<p>　　报名参加“三位一体”综合评价招生的考生在中学阶段完成学业水平测试之后，还需参加试点高校的综合素质测试，以及在6月份举办的全国高考。综合素质测试的内容、标准、形式和办法，由试点高校根据本校培养目标和学科专业的要求确定，体现对专业素养、专业潜质的考核，一般采用笔试、面试和操作考试等办法。</p>
<p>　　<strong>录取方式 </strong></p>
<p>　　录取依据是由高中学业水平测试成绩、综合素质测试成绩和高考成绩的按一定比例合成的综合成绩，具体比例要求由试点高校根据学校培养目标和学科专业设置情况确定，但高考成绩原则上不低于50%。</p>
<p>　　“三位一体”综合评价招生：学生也需参加相应批次的高考志愿填报，并在高考相应批次提前阶段录取。省教育考试院按试点高校试点专业的录取批次，将符合所报考高校招生章程中公布的录取条件的入围学生进行投档，由高校决定是否录取。由省统一在7月份高考录取时进行。已录取的学生，其他院校不再录取；如未被“三位一体”录取，则不影响其他院校的录取。</p></div>
            "
政策,国家助学金,"<div class=""TRS_Editor""><p>　　国家助学金是为了体现党和政府对普通本科高校、高等职业学校和高等专科学校家庭经济困难学生的关怀，由中央与地方政府共同出资设立的，用于资助家庭经济困难的全日制普通本专科(含高职、第二学士学位)在校学生的助学金。</p>
<p>　　<strong>1. 资助标准 </strong></p>
<p>　　全国平均每人每年3000元。具体标准，中央高校由财政部商有关部门确定，地方高校由各省(自治区、直辖市)确定。</p>
<p>　　<strong>2.基本申请条件</strong></p>
<p>　　①热爱社会主义祖国，拥护中国共产党的领导;</p>
<p>　　②遵守宪法和法律，遵守学校规章制度;</p>
<p>　　③诚实守信，道德品质优良;</p>
<p>　　④勤奋学习，积极上进;</p>
<p>　　⑤家庭经济困难，生活俭朴。</p>
<p>　　<strong>3.申请、评审和发放 </strong></p>
<p>　　国家助学金每学年评定一次。每年9月30日前，学生向学校提出申请，各高校于当年11月15日前完成评审。国家助学金各年按10个月发放，高校按月将国家助学金发放到受助学生手中。</p>
<p>　　<strong>4. 相关事项   </strong></p>
<p>　　同一学年内，申请并获得国家助学金的学生，可同时申请并获得国家奖学金或国家励志奖学金。试行免费教育的教育部直属师范院校师范类专业学生，不再同时获得国家助学金。</p></div>
            "
政策,励志奖学金,"<div class=""TRS_Editor""><p>　　国家励志奖学金是为了激励普通本科高校、高等职业学校和高等专科学校的家庭经济困难学生勤奋学习、努力进取，在德、智、体、美等方面全面发展，由中央和地方政府共同出资设立的，奖励资助品学兼优的家庭经济困难学生的奖学金。</p>
<p>　　<strong>1.奖励标准</strong>  </p>
<p>　　每人每年5000元。</p>
<p>　　<strong>2.基本申请条件</strong> </p>
<p>　　二年级以上(含二年级)的全日制普通本专科(含高职、第二学士学位)在校生，符合以下条件：</p>
<p>　　①热爱社会主义祖国，拥护中国共产党的领导;</p>
<p>　　②遵守宪法和法律，遵守学校规章制度;</p>
<p>　　③诚实守信，道德品质优良;</p>
<p>　　④在校期间学习成绩优秀;</p>
<p>　　⑤家庭经济困难，生活俭朴。</p>
<p>　　<strong>3.申请、评审和发放  </strong></p>
<p>　　国家励志奖学金每学年评选一次，实行等额评审。每年9月30日前，学生向学校提出申请，各高校于当年10月31日前完成评审。高校每年11月30日前将国家励志奖学金一次性发放给获奖学生，并记入学生的学籍档案。</p>
<p>　　<strong>4.相关事项  </strong></p>
<p>　　同一学年内，申请国家励志奖学金的学生可以同时申请并获得国家助学金，但不能同时获得国家奖学金。试行免费教育的教育部直属师范院校师范类专业学生不再同时获得国家励志奖学金。</p></div>
            "
政策,国家奖学金,"<div class=""TRS_Editor""><p>　　<strong>国家奖学金</strong></p>
<p>　　国家奖学金是指为了激励普通本科高校、高等职业学校和高等专科学校学生勤奋学习、努力进取，在德、智、体、美等方面全面发展，由中央政府出资设立的用来奖励特别优秀学生的奖学金 。</p>
<p>　　<strong>适用对象 </strong></p>
<p><strong>　　</strong>本专科学生<strong> </strong></p>
<p>　　本办法所称普通本科高校、高等职业学校是指根据国家有关规定批准设立、实施高等学历教育的全日制普通本科高等学校、高等职业学校和高等专科学校（以下简称高校）。</p>
<p>　　国家奖学金由中央政府出资设立，用于奖励高校全日制本专科（含高职、第二学士学位）学生（以下简称学生）中特别优秀的学生。</p>
<p>　　中央高校国家奖学金的名额由财政部商有关部门确定。地方高校国家奖学金的名额由各省（自治区、直辖市）根据财政部、教育部确定的总人数，以及高校数量、类别、办学层次、办学质量、在校本专科生人数等因素确定。在分配国家奖学金名额时，对办学水平较高的高校、以农林水地矿油核等国家需要的特殊学科专业为主的高校予以适当倾斜。</p>
<p>　　研究生</p>
<p>　　中央财政出资设立研究生国家奖学金，用于奖励普通高等学校（以下简称高等学校)中表现优异的全日制研究生。研究生国家奖学金每年奖励4.5万名在读研究生。其中，博士研究生1万名，硕士研究生为3.5万名。博士研究生国家奖学金奖励标准定为每生每年3万元；硕士研究生国家奖学金奖励标准定为每生每年2万元。</p>
<p>　　通知称，每年评审一次，所有符合本办法规定条件的攻读硕士、博士学位的全日制研究生均有资格申请。研究生国家奖学金的评审工作，应坚持公开、公平、公正、择优的原则，严格执行国家有关教育法规，杜绝弄虚作假。</p>
<p>　　<strong>奖励标准 </strong></p>
<p>　　本、专科国家奖学金的奖励标准为每人每年8000元。</p>
<p>　　硕士生每年2万元，博士生每年3万元。</p>
<p>　　<strong>申请条件 </strong></p>
<p>　　本专科学生<strong> </strong></p>
<p>　　国家奖学金的基本申请条件:</p>
<p>　　1、热爱中华人民共和国，拥护中国共产党的领导；</p>
<p>　　2、遵守宪法和法律，遵守学校规章制度；</p>
<p>　　3、诚实守信，道德品质优良；</p>
<p>　　4、在校期间学习成绩优异，考试科目单科成绩不低于85分,平均成绩不低于90分，考查科目成绩不低于“良好”，同等条件下获得省市级“三好学生”、“优秀学生干部”的学生优先；</p>
<p>　　5、社会实践、创新能力、综合素质等方面特别突出，为学院发展建设做出贡献；</p>
<p>　　6、认真履行普通高校学生管理规定中赋予学生的义务，按规定缴纳学费及有关费用。</p>
<p>　　<strong>名额分配：</strong></p>
<p>　　全国学生资助管理中心根据财政部、教育部确定的当年国家奖学金的总人数，按照本办法第三条的规定，于每年5月底前，提出各省（自治区、直辖市）和中央部门所属高校国家奖学金名额分配建议方案，报财政部、教育部审批。</p>
<p>　　每年7月31日前，财政部、教育部将国家奖学金分配名额和预算下达中央主管部门和省级财政、教育部门。每年9月1日前，中央主管部门和省及省以下财政、教育部门负责将国家奖学金名额和预算下达所属各高校。</p>
<p>　<strong>　研究生 </strong></p>
<p>　　通知规定，每年评审一次，所有符合条件的攻读硕士、博士学位的全日制研究生均有资格申请。</p>
<p>　　<strong>评审 </strong></p>
<p>　　本专科学生</p>
<p>　　国家奖学金每学年评审一次，实行等额评审，坚持公开、公平、公正、择优的原则。各高校于每学年开学初启动评审工作，当年10月31日前完成评审。获得国家奖学金的学生为高校在校生中二年级以上（含二年级）的学生。同一学年内，获得国家奖学金的家庭经济困难学生可以同时申请并获得国家助学金，但不能同时获得国家励志奖学金。[7]</p>
<p>　　高校要根据本办法的规定，制定具体评审办法，并报主管部门备案。高校学生资助管理机构具体负责组织评审工作，提出本校当年国家奖学金获奖学生建议名单，报学校领导集体研究审定后，在校内进行不少于5个工作日的公示。公示无异议后，每年10月31日前，中央高校将评审结果报中央主管部门，地方高校将评审结果逐级报至省级教育部门。中央主管部门和省级教育部门审核、汇总后，统一报教育部审批。教育部于每年11月15日前批复并公告。</p>
<p>　　研究生</p>
<p>　　每年3月底前，全国学生资助管理中心提出研究生国家奖学金名额分配建议方案，报财政部、教育部审定。每年4月30日前，财政部、教育部将研究生国家奖学金分配名额和预算下达中央主管部门和省级财政、教育部门。每年5月31日前，研究生国家奖学金分配名额和预算下达相关高校。获得推荐的学生，须在所在单位进行5个工作日的公示。每年11月30日前，高等学校将当年研究生国家奖学金一次性发放给获奖学生。</p></div>
            "
政策,国家助学贷款,"<div class=""TRS_Editor""><p>　　国家助学贷款是由政府主导，金融机构向高校家庭经济困难学生提供的信用助学贷款，帮助解决在校期间的学费和住宿费。国家助学贷款利率执行中国人民银行同期公布的同档次基准利率，不上浮。贷款学生在校期间的国家助学贷款利息全部由财政支付，毕业后的利息由借款人全额支付。为鼓励金融机构承办国家助学贷款的积极性，建立贷款风险分担机制，财政(高校)对经办银行给予一定的风险补偿。国家助学贷款是信用贷款，学生不需要办理贷款担保或抵押，但需要承诺按期还款，并承担相关法律责任。按照学生申办地点及工作流程不同，国家助学贷款分为校园地国家助学贷款与生源地信用助学贷款两种模式。全日制普通本专科生在同一学年不得重复申请获得校园地国家助学贷款和生源地信用助学贷款，只能选择申请办理其中一种贷款。全日制研究生原则上申请办理校园地国家助学贷款。</p>
<p>　　<strong>(一)校园地国家助学贷款 </strong></p>
<p>　　家庭经济困难的全日制普通高校本专科生(含高职生)、第二学士学位学生和研究生，通过本校学生资助部门向经办银行申请办理的国家助学贷款。</p>
<p>　　<strong>1.申请条件 </strong></p>
<p>　　普通高等学校全日制本专科生(含高职生)、第二学士学位学生和研究生，具备以下条件可以申请国家助学贷款：</p>
<p>　　①家庭经济困难;</p>
<p>　　②具有中华人民共和国国籍，年满16周岁的需持有中华人民共和国居民身份证;</p>
<p>　　③具有完全民事行为能力(未成年人申请国家助学贷款须由其法定监护人书面同意);</p>
<p>　　④诚实守信，遵纪守法，无违法违纪行为;</p>
<p>　　⑤学习努力，能够正常完成学业。</p>
<p>　　<strong>2.申请材料 </strong></p>
<p>　　学生在新学年开学后通过学校向银行提出贷款申请。需要提供以下材料：</p>
<p>　　①国家助学贷款申请书;</p>
<p>　　②本人学生证和居民身份证复印件(未成年人提供法定监护人的有效身份证明和书面同意申请贷款的证明);</p>
<p>　　③本人对家庭经济困难情况的说明;</p>
<p>　　④学生家庭所在地有关部门出具的家庭经济困难证明。</p>
<p>　　<strong>3. 申请金额 </strong></p>
<p>　　本专科生每人每年最高不超过8000元，研究生每人每年最高不超过12000元。</p>
<p>　　<strong>4.贷款审批</strong></p>
<p>　　学校学生资助等部门负责对学生提交的国家助学贷款申请进行资格审查，并核查学生提交材料的真实性和完整性;银行负责最终审批学生的贷款申请。</p>
<p>　　<strong>5. 贷款发放 </strong></p>
<p>　　国家助学贷款实行一次申请、一次授信、分期发放的方式，即学生可以与银行一次签订多个学年的贷款合同，但银行要分年发放。一个学年内的学费、住宿费贷款，银行应一次性发放。</p>
<p>　　<strong>6.贷款利息 </strong></p>
<p>　　国家助学贷款利率执行中国人民银行同期公布的同档次基准利率。贷款学生在校学习期间的国家助学贷款利息全部由财政补贴，毕业后的利息由贷款学生本人全额支付。</p>
<p>　　<strong>7.还款期限 </strong></p>
<p>　　学生根据个人毕业后的就业和收入情况，在毕业后的1-2年内选择开始偿还本金的时间，六年内还清贷款本息。</p>
<p>　　8.违约后果</p>
<p>　　①国家助学贷款的借款学生如未按照与经办银行签订的还款协议约定的期限、数额偿还贷款，经办银行将对其违约还款金额计收罚息;</p>
<p>　　②经办银行将违约情况录入中国人民银行的金融信用信息基础数据库，供全国各金融机构依法查询。对恶意拖欠贷款的违约借款人采取限制措施，不予提供住房贷款、汽车贷款等金融服务;</p>
<p>　　③对于连续拖欠还款行为严重的借款人，有关行政管理部门和银行将通过新闻媒体和网络等信息渠道公布其姓名、公民身份号码、毕业学校及具体违约行为等信息;</p>
<p>　　④严重违约的贷款人还将承担相关法律责任。</p>
<p>　　<strong>(二)生源地信用助学贷款 </strong></p>
<p>　　家庭经济困难的全日制本专科生(含高职生)、第二学士学位学生和研究生(研究生原则上申请办理校园地国家助学贷款)，通过户籍所在县(市、区)的学生资助管理机构申请办理(有的地区直接到相关金融机构申请)的国家助学贷款。学生和家长为共同借款人，共同承担还款责任。</p>
<p>　　<strong>1. 申请条件 </strong></p>
<p>　　①具有中华人民共和国国籍;</p>
<p>　　②诚实守信，遵纪守法;</p>
<p>　　③已被根据国家有关规定批准设立、实施高等学历教育的全日制普通本科高校、高等职业学校和高等专科学校(含民办高校和独立学院，学校名单以教育部公布的为准)正式录取，取得真实、合法、有效的录取通知书的新生或高校在读的本专科学生、第二学士学位学生和研究生;</p>
<p>　　④学生本人入学前户籍、其父母(或其他法定监护人)户籍均在本县(市、区);</p>
<p>　　⑤家庭经济困难，所能获得的收入不足以支付在校期间完成学业所需的基本费用。</p>
<p>　　<strong>2. 办理程序   </strong></p>
<p>　　生源地信用助学贷款按年度申请、审批和发放。学生在新学期开始前，向家庭所在县(市、区)的学生资助管理中心提出贷款申请(有的地区直接到相关金融机构申请)。县级学生资助管理中心负责对学生提交的申请进行资格初审。金融机构负责最终审批并发放贷款。</p>
<p>　　<strong>3. 贷款金额 </strong></p>
<p>　　本专科生每人每年最高不超过8000元，研究生每人每年最高不超过12000元。</p>
<p>　　<strong>4. 贷款利息  </strong></p>
<p>　　生源地信用助学贷款利率执行中国人民银行同期公布的同档次基准利率，不上浮。学生在校期间的利息由财政全部补贴，毕业后的利息由学生和家长(或其他法定监护入)共同负担。</p>
<p>　<strong>　5. 还款期限和还款方式 </strong></p>
<p>　　生源地信用助学贷款期限原则上按全日制本专科学制加10年确定，最长不超过14年，其中，在校生按剩余学习年限加10年确定。学制超过4年或继续攻读研究生学位、第二学士学位的，相应缩短学生毕业后的还贷期限。学生在校及毕业后两年期间为宽限期，宽限期后由学生和家长(或其他法定监护人)按借款合同约定，按年度分期偿还贷款本息。</p></div>
            "
