用户,是否看过,五星评分,评论时间,有用数,评论内容
Agent阿神,看过,推荐,2018-04-25 22:39:20,30866,
朝暮雪,看过,力荐,2018-04-26 00:03:05,28065,
明月何时照哥谭,看过,力荐,2018-04-25 20:57:17,7919,
夏奈,看过,力荐,2018-04-24 17:43:45,6876,
烦啦烦啦,看过,力荐,2018-05-11 08:27:45,7313,
Eyelids,看过,推荐,2018-04-28 12:36:51,19132,
Ada🧣Wong💋💍,看过,推荐,2018-05-11 20:00:32,16350,
超级烧伤,看过,力荐,2018-04-25 20:41:01,6335,
燃え寸前*,看过,还行,2018-04-29 22:28:01,17457,
李小丢,看过,力荐,2018-05-11 04:56:41,5078,
Blacksheepist,看过,力荐,2018-04-25 20:50:35,3510,
私~川流,看过,力荐,2018-04-25 15:42:32,2133,
塔克拉玛干,看过,,2018-04-26 04:37:55,5981,
香芋of-Xiang,看过,推荐,2018-04-26 03:12:37,11645,
Noodles,看过,力荐,2018-04-26 05:49:55,1619,
猪大腿,看过,力荐,2018-04-28 14:21:06,1322,
雨白火红,看过,还行,2018-05-11 17:03:50,5296,
大奇特(Grinch),看过,较差,2018-05-02 15:56:48,746,
江湖骗子,看过,推荐,2018-05-04 22:02:20,6789,
缪唯璟,看过,,2018-04-27 02:49:14,2108,
用户,是否看过,五星评分,评论时间,有用数,评论内容
L'automne,看过,还行,2018-04-25 23:26:17,1880,
顾老肉,看过,推荐,2018-04-24 15:40:36,5647,
Coolsky,看过,力荐,2018-04-27 14:39:38,1226,
Amberose,看过,力荐,2018-05-07 15:44:46,1080,
同志亦凡人中文站,看过,推荐,2018-04-25 11:07:34,4253,
曾良君,看过,推荐,2018-05-11 18:48:51,2435,
何倩彤,看过,推荐,2018-04-25 19:41:11,1724,
殇潮|Enigma,看过,还行,2018-04-25 18:50:16,1469,
人间尤物马思唯,看过,力荐,2018-05-11 02:30:35,977,
你大豪爷,看过,力荐,2018-05-12 01:46:25,703,
全声波频道D,看过,较差,2018-04-26 05:19:39,634,
柯里昂,看过,推荐,2018-05-11 06:04:45,1557,
糯木,看过,力荐,2018-04-26 00:50:12,718,
有心打扰,看过,推荐,2018-04-25 13:26:38,1069,
木卫二,看过,还行,2018-05-11 18:56:44,574,
1.,看过,推荐,2018-04-25 21:09:57,686,
影志,看过,推荐,2018-05-04 23:20:20,457,
桃桃林林,看过,还行,2018-05-07 05:53:02,580,
伊谢尔伦的风,看过,推荐,2018-05-12 21:51:14,345,
FISH,看过,很差,2018-04-12 12:11:54,1285,
用户,是否看过,五星评分,评论时间,有用数,评论内容
Rilkelee,看过,还行,2018-04-27 10:49:46,742,
教育,看过,还行,2018-04-27 10:24:32,676,
已注销,看过,还行,2018-04-27 21:09:55,380,
urmommytiger ,看过,很差,2018-04-25 22:33:26,1018,
黄青蕉,看过,还行,2018-05-11 18:35:40,266,
亵渎电影,看过,还行,2018-05-11 22:17:42,204,
小十三,看过,力荐,2018-04-28 13:07:41,659,
水怪,看过,还行,2018-05-03 18:28:44,274,
焚紙樓,看过,较差,2018-04-25 23:27:33,470,
乌鸦火堂,看过,推荐,2018-05-12 10:46:26,239,
Velox,看过,还行,2018-04-26 13:07:30,213,
西楼尘,看过,还行,2018-05-15 13:42:08,194,
王大根,看过,推荐,2018-05-11 18:00:02,199,
StormBringer,看过,推荐,2018-04-29 21:34:04,251,
惘然,看过,还行,2018-05-09 16:02:20,150,
张天翼,看过,力荐,2018-05-12 11:51:20,474,
李阿斗,看过,力荐,2018-04-26 03:35:44,578,
帽子米饭,看过,力荐,2018-04-26 11:03:18,398,
烟波人长安,看过,力荐,2018-05-11 16:20:38,432,
何阿嵐,看过,还行,2018-04-29 23:12:31,167,
用户,是否看过,五星评分,评论时间,有用数,评论内容
福华一姐小渡边,看过,很差,2018-04-25 20:05:29,477,
來自咖喱星,看过,力荐,2018-04-25 23:10:55,364,
vampireslayer,看过,推荐,2018-04-25 20:32:45,271,
judy,看过,较差,2018-04-26 11:57:20,383,
哪吒男,看过,推荐,2018-05-04 22:07:15,174,
瓦力,看过,推荐,2018-04-25 11:52:09,198,
Paco,看过,还行,2018-05-12 13:48:12,102,
Henrique Asano,看过,较差,2018-04-29 09:53:28,416,
夏小正,看过,力荐,2018-04-26 11:02:59,324,
Zipporah,看过,很差,2018-04-28 01:50:21,521,
捕影君,看过,力荐,2018-04-25 20:58:03,189,
完全被忽略人士,看过,推荐,2018-04-26 09:27:58,230,
江湖骗子,看过,推荐,2018-05-11 22:35:17,216,
喜儿喂鸭正经地,看过,力荐,2018-04-29 05:36:32,155,
Lottie,看过,推荐,2018-05-13 00:02:51,132,
大海里的针,看过,力荐,2018-05-11 13:00:15,164,
#外出偷狗#,看过,还行,2018-04-29 13:52:19,87,
嘻嘻😁,看过,还行,2018-04-28 12:51:26,104,
Mona Lishark,看过,,2018-04-30 20:39:54,69,
H2O.,看过,力荐,2018-05-11 20:59:27,126,
用户,是否看过,五星评分,评论时间,有用数,评论内容
寒枝雀静,看过,推荐,2018-04-25 19:46:39,125,
文泽尔,看过,还行,2018-05-11 14:14:02,48,
珍妮的肖像,看过,推荐,2018-05-11 22:58:36,110,
德川咪咪,看过,推荐,2018-05-13 13:10:28,95,
假装在纽约,看过,推荐,2018-05-13 16:47:41,73,
荔枝超人,看过,还行,2018-05-11 19:17:42,68,
zka411,看过,力荐,2018-04-23 00:57:36,83,
[已注销],看过,力荐,2018-05-11 10:17:44,121,
欢乐分裂,看过,还行,2018-05-11 13:08:17,43,
独行侠杀手阿何,看过,力荐,2018-04-27 23:10:26,100,
朝阳区陆依萍,看过,推荐,2018-05-11 11:44:45,65,
关键是be free,看过,力荐,2018-04-25 17:03:43,156,
andarta,看过,较差,2018-04-26 04:09:40,445,
王大盆,看过,推荐,2018-05-12 17:58:15,73,
木由,看过,推荐,2018-04-26 07:30:58,70,
扭腰客,看过,力荐,2018-05-12 01:33:40,72,
花椒滷豆腐,看过,推荐,2018-04-25 12:56:15,71,
文森特九六,看过,还行,2018-04-28 19:51:07,48,
饮歌,看过,推荐,2018-04-27 11:24:11,72,
恶魔的步调,看过,力荐,2018-05-11 22:20:16,70,
用户,是否看过,五星评分,评论时间,有用数,评论内容
嘻嘻😁,看过,还行,2018-04-28 12:51:26,104,
刮刮油,看过,力荐,2018-05-13 12:18:22,91,
慕容复,看过,力荐,2018-05-12 18:04:58,98,
x will old,看过,很差,2018-04-21 11:41:59,51,
女神的秋裤,看过,力荐,2018-05-11 13:16:27,69,
Mona Lishark,看过,,2018-04-30 20:39:54,69,
文泽尔,看过,还行,2018-05-11 14:14:02,48,
荔枝超人,看过,还行,2018-05-11 19:17:42,68,
欢乐分裂,看过,还行,2018-05-11 13:08:17,43,
王大盆,看过,推荐,2018-05-12 17:58:15,73,
葵花卷,看过,力荐,2018-04-28 20:59:04,95,
木由,看过,推荐,2018-04-26 07:30:58,70,
三月天的憨人,看过,力荐,2018-04-26 01:07:06,90,
花椒滷豆腐,看过,推荐,2018-04-25 12:56:15,71,
顾盼,看过,力荐,2018-05-11 19:35:53,90,
文森特九六,看过,还行,2018-04-28 19:51:07,48,
大时代.歌姬,看过,还行,2018-05-12 02:07:19,47,
饮歌,看过,推荐,2018-04-27 11:24:11,72,
安德烈大叔,看过,还行,2018-05-12 14:00:07,67,
瑾朵朵,看过,力荐,2018-05-13 14:05:52,34,
用户,是否看过,五星评分,评论时间,有用数,评论内容
艾晨,看过,推荐,2018-05-12 08:21:34,46,
贡丸猩猩,看过,还行,2018-05-08 19:47:40,74,
阿措,看过,推荐,2018-05-15 12:19:29,49,
谋杀电视机,看过,还行,2018-05-12 20:42:19,27,
雨前羽街,看过,推荐,2018-05-12 00:28:48,48,
皮革业,看过,还行,2018-05-16 15:00:35,29,
徐若风,看过,还行,2018-05-11 21:51:17,36,
时间之葬,看过,还行,2018-05-11 12:47:10,47,
陈朝,看过,推荐,2018-05-11 13:01:17,51,
傻冒叔,看过,推荐,2018-05-12 22:44:16,46,
godzilla,看过,力荐,2018-05-01 23:49:54,94,
LF,看过,推荐,2018-05-12 10:25:04,44,
席德,看过,还行,2018-05-11 13:15:27,42,
文文周,看过,力荐,2018-05-01 15:04:33,45,
栗,看过,推荐,2018-05-14 22:50:24,25,
科林,看过,力荐,2018-05-08 22:49:50,39,
帽匠,看过,推荐,2018-04-26 00:31:32,55,
noodles042,看过,很差,2018-04-27 06:49:33,68,
基瑞尔,看过,推荐,2018-05-11 20:48:24,22,
mideastsptfire,看过,较差,2018-05-02 12:50:26,37,
用户,是否看过,五星评分,评论时间,有用数,评论内容
小慌,看过,较差,2018-05-12 15:56:45,22,
路易绕,看过,力荐,2018-05-11 02:30:53,42,
齐木楠雄,看过,推荐,2018-05-11 13:26:54,20,
左胸上的吸盘,看过,还行,2018-08-01 23:01:50,19,
安蓝·怪伯爵𓆝𓆟𓆜,看过,力荐,2018-05-13 14:04:18,23,
马达,看过,力荐,2018-05-12 00:53:53,29,
Iberian,看过,还行,2018-04-27 08:44:36,35,
Helicopter,看过,较差,2018-05-03 15:32:40,45,
過期貓糧,看过,还行,2018-05-12 19:10:57,26,
猕猴桃🥝,看过,还行,2018-05-01 20:41:16,37,
路西法尔,看过,还行,2018-05-11 13:44:41,16,
野子,看过,力荐,2018-05-15 20:16:17,23,
yokoego,看过,力荐,2018-04-27 04:09:02,43,
李韭韭,看过,力荐,2018-05-12 02:34:57,43,
河堤上的貓,看过,力荐,2018-05-10 23:51:11,49,
王食欲,看过,推荐,2018-05-11 22:25:05,35,
刘康康,看过,较差,2018-06-07 18:32:06,16,
肖恩恩恩恩肖,看过,推荐,2018-05-12 17:12:28,17,
美神经,看过,推荐,2018-05-11 21:14:42,17,
游来游去,看过,推荐,2018-04-27 04:50:54,42,
用户,是否看过,五星评分,评论时间,有用数,评论内容
自由的玩,看过,力荐,2018-05-11 16:30:29,46,
Ask,看过,较差,2018-04-29 12:46:22,47,
等一个人,看过,力荐,2018-05-14 09:15:56,19,
京客隆小丸子,看过,推荐,2018-05-11 23:51:33,25,
品客,看过,推荐,2018-05-13 20:07:18,13,
丹朱AI🌵,看过,还行,2018-05-23 16:57:19,19,
王写写,看过,还行,2018-05-08 17:14:25,33,
Q。,看过,推荐,2018-05-14 23:20:56,21,
UrthónaD'Mors,看过,推荐,2018-05-11 15:02:11,24,
丁小云,看过,还行,2018-05-16 21:32:45,20,
TWY,看过,还行,2018-04-29 02:59:01,22,
Mr.Z,看过,推荐,2018-05-20 23:33:31,77,
隔壁家的桃太太,看过,还行,2018-05-12 20:10:59,18,
慕詩,看过,推荐,2018-05-30 09:44:27,14,
倾内,看过,推荐,2018-05-12 18:10:09,36,
城南草木生,看过,推荐,2018-05-11 22:10:22,23,
百草幽香,看过,很差,2018-05-03 12:07:44,40,
Ann,看过,推荐,2018-05-01 10:14:47,13,
囧囧有神晨小咩,看过,推荐,2018-05-12 16:13:23,26,
二十二岛主,看过,推荐,2018-05-08 12:34:21,20,
