专业批次,学校,特色专业
第七批,北京大学,能源与资源工程
第七批,北京大学,环境工程
第七批,清华大学,生物科学
第七批,北京科技大学,物联网工程
第七批,北京科技大学,环境工程
第七批,北京化工大学,能源化学工程
第七批,北京邮电大学,网络工程
第七批,北京邮电大学,物联网工程
第七批,华北电力大学,能源工程及自动化
第七批,华北电力大学,智能电网信息工程
第七批,中国地质大学(北京),地理信息系统
第七批,中国地质大学(北京),资源勘查工程
第七批,中国农业大学,生物工程
第七批,中国农业大学,种子科学与工程
第七批,南开大学,微电子学
第七批,南开大学,资源循环科学与工程
第七批,天津大学,生物医学工程
第七批,天津大学,环境工程
第七批,大连理工大学,功能材料
第七批,大连理工大学,能源化学工程
第七批,东北大学,热能与动力工程
第七批,东北大学,环境工程
第七批,吉林大学,电子信息科学与技术
第七批,吉林大学,物联网工程
第七批,上海交通大学,植物生物技术
第七批,上海交通大学,核工程与核技术
第七批,华东理工大学,新能源材料与器件
第七批,华东理工大学,资源循环科学与工程
第七批,东华大学,功能材料
第七批,东华大学,能源与环境系统工程
第七批,东南大学,新能源材料与器件
第七批,东南大学,传感网技术
第七批,江南大学,生物技术
第七批,江南大学,物联网工程
第七批,中国矿业大学,材料科学与工程（能源材料方向）
第七批,中国矿业大学,化学工程与工艺（能源化工方向）
第七批,河海大学,新能源科学与工程
第七批,河海大学,物联网工程
第七批,中国药科大学,生物制药
第七批,中国药科大学,药物化学
第七批,浙江大学,材料科学与工程
第七批,浙江大学,电子科学与技术
第七批,合肥工业大学,新能源材料与器件
第七批,合肥工业大学,物联网工程
第七批,山东大学,热能与动力工程
第七批,山东大学,环境工程
第七批,中国石油大学(华东),环保设备工程
第七批,中国海洋大学,环境工程
第七批,中国海洋大学,海洋资源开发技术
第七批,武汉大学,核工程与核技术
第七批,武汉大学,环境工程
第七批,华中科技大学,新能源科学与工程
第七批,华中科技大学,光电子材料与器件
第七批,武汉理工大学,物联网工程
第七批,武汉理工大学,建筑节能技术与工程
第七批,湖南大学,材料科学与工程
第七批,湖南大学,通信工程
第七批,中南大学,新能源材料与器件
第七批,中南大学,物联网工程
第七批,华南理工大学,核工程与核技术（核电站方向）
第七批,华南理工大学,信息显示与光电技术
第七批,重庆大学,车辆工程
第七批,重庆大学,环境工程
第七批,四川大学,新能源材料与器件
第七批,四川大学,医学信息工程
第七批,电子科技大学,新能源材料与器件
第七批,电子科技大学,传感网技术
第七批,西安交通大学,新能源科学与工程
第七批,西安交通大学,物联网工程
第七批,西安,电子科技大学
第七批,西安,电子科技大学
第七批,电磁场与无线技术,长安大学
第七批,长安大学,热能与动力工程
第七批,兰州大学,功能材料
第七批,兰州大学,辐射防护与环境工程
第七批,上海交通大学,材料科学与工程
第七批,西南大学,音乐表演
第七批,延安大学,音乐学
第六批,北京大学,金融学
第六批,北京大学,新闻学
第六批,北京大学,电子信息科学与技术
第六批,北京大学,环境科学
第六批,中国人民大学,国际政治
第六批,中国人民大学,汉语言文学
第六批,中国人民大学,行政管理
第六批,清华大学,电气工程及其自动化
第六批,清华大学,土木工程
第六批,清华大学,环境工程
第六批,清华大学,工程力学与航天航空工程
第六批,北京交通大学,自动化
第六批,北京交通大学,电气工程与自动化
第六批,北京航空航天大学,测控技术与仪器
第六批,北京航空航天大学,探测制导与控制技术
第六批,北京理工大学,自动化
第六批,北京理工大学,飞行器设计与工程
第六批,北京科技大学,热能与动力工程
第六批,北京化工大学,材料科学与工程
第六批,北京邮电大学,应用物理学
第六批,北京邮电大学,机械工程及自动化
第六批,华北电力大学,机械工程及自动化
第六批,华北电力大学,风能与动力工程
第六批,中国石油大学(北京),勘查技术与工程
第六批,中国石油大学(北京),自动化
第六批,中国矿业大学,(北京)
第六批,中国矿业大学,(北京)
第六批,电气工程与自动化,中国地质大学(北京)
第六批,中国地质大学(北京),材料科学与工程
第六批,中国农业大学,车辆工程
第六批,中国农业大学,电子信息工程
第六批,北京林业大学,英语
第六批,北京林业大学,环境科学
第六批,北京林业大学,机械设计制造及其自动化
第六批,北京师范大学,教育技术学
第六批,北京师范大学,英语
第六批,北京师范大学,信息管理与信息系统
第六批,北京外国语大学,外交学
第六批,北京语言大学,法语
第六批,中国传媒大学,传播学
第六批,中国传媒大学,文化产业管理
第六批,中央财经大学,信息管理与信息系统
第六批,对外经济贸易大学,日语
第六批,对外经济贸易大学,电子商务
第六批,中国人民公安大学,公安管理学
第六批,中央民族大学,生态学
第六批,中央民族大学,行政管理
第六批,北京协和医学院,护理学
第六批,中国青年政治学院,政治学与行政学
第六批,北京联合大学,金融学
第六批,北京联合大学,通信工程
第六批,北京工业大学,建筑学
第六批,首都医科大学,药学
第六批,首都医科大学,中医学
第六批,首都师范大学,俄语
第六批,首都经济贸易大学,人力资源管理
第六批,北京服装学院,高分子材料与工程
第六批,北京服装学院,轻化工程
第六批,北京印刷学院,编辑出版学
第六批,北京建筑工程学院,建筑环境与设备工程
第六批,北京石油化工学院,环境工程
第六批,北京农学院,农林经济管理
第六批,北京第二外国语学院,旅游管理
第六批,北京物资学院,物流管理
第六批,首都体育学院,运动训练
第六批,中国音乐学院,音乐学
第六批,北京电影学院,录音艺术
第六批,北京电影学院,动画
第六批,北京舞蹈学院,舞蹈学
第六批,南开大学,英语
第六批,南开大学,环境科学
第六批,南开大学,计算机科学与技术
第六批,天津大学,材料成型及控制工程
第六批,天津大学,热能与动力工程
第六批,天津大学,通信工程
第六批,天津大学,软件工程
第六批,天津大学,建筑环境与设备工程
第六批,天津工业大学,机械工程及自动化
第六批,天津工业大学,非织造材料与工程
第六批,天津科技大学,轻化工程
第六批,天津理工大学,工程造价
第六批,天津医科大学,医学影像学
第六批,天津医科大学,医学检验
第六批,天津师范大学,政治学与行政学
第六批,天津职业技术师范大学,机械维修及检测技术教育
第六批,天津职业技术师范大学,通信工程
第六批,天津外国语大学,俄语
第六批,天津财经大学,财政学
第六批,天津商业大学,财务管理
第六批,天津体育学院,舞蹈学
第六批,天津音乐学院,音乐表演
第六批,天津美术学院,艺术设计
第六批,河北大学,应用物理学
第六批,河北工业大学,应用物理学
第六批,河北工业大学,高分子材料与工程
第六批,燕山大学,计算机科学与技术
第六批,河北理工大学,土木工程
第六批,河北科技大学,纺织工程
第六批,河北科技大学,食品质量与安全
第六批,河北工程大学,采矿工程
第六批,石家庄铁道大学,计算机科学与技术
第六批,河北农业大学,食品科学与工程
第六批,河北医科大学,中医学
第六批,河北师范大学,资源环境与城乡规划管理
第六批,河北经贸大学,网络工程
第六批,河北经贸大学,对外汉语
第六批,石家庄经济学院,地下水科学与工程
第六批,河北建筑工程学院,建筑环境与设备工程
第六批,北华航天工业学院,计算机科学与技术
第六批,华北煤炭医学院,预防医学
第六批,承德医学院,护理学
第六批,河北科技师范学院,动物科学
第六批,邢台学院,国际经济与贸易
第六批,河北体育学院,民族传统体育
第六批,邯郸学院,计算机科学与技术
第六批,石家庄学院,生物工程
第六批,山西大学,历史学
第六批,太原理工大学,化学工程与工艺
第六批,中北大学,材料成型及控制工程
第六批,中北大学,弹药工程与爆炸技术
第六批,太原科技大学,计算机科学与技术
第六批,太原科技大学,工程力学
第六批,山西农业大学,植物保护
第六批,山西医科大学,护理学
第六批,山西医科大学,药学
第六批,山西师范大学,思想政治教育
第六批,山西师范大学,历史学
第六批,山西大同大学,汉语言文学
第六批,山西财经大学,国际经济与贸易
第六批,长治学院,生物科学
第六批,晋中学院,音乐学
第六批,运城学院,数学与应用数学
第六批,运城学院,电子科学与技术
第六批,内蒙古大学,生态学
第六批,内蒙古大学,音乐表演
第六批,内蒙古科技大学,汉语言文学
第六批,内蒙古科技大学,稀土工程
第六批,内蒙古民族大学,农学
第六批,内蒙古工业大学,机械设计制造及其自动化
第六批,内蒙古工业大学,材料成型及控制工程
第六批,内蒙古农业大学,农学
第六批,内蒙古师范大学,土地资源管理
第六批,赤峰学院,历史学
第六批,呼伦贝尔学院,俄语
第六批,内蒙古财经学院,金融学
第六批,大连理工大学,高分子材料与工程
第六批,大连理工大学,电气工程及其自动化
第六批,大连理工大学,港口航道与海岸工程
第六批,大连理工大学,生物工程
第六批,东北大学,采矿工程
第六批,东北大学,电子信息工程
第六批,大连海事大学,法学
第六批,大连民族学院,土木工程
第六批,辽宁大学,法学
第六批,沈阳大学,材料成型及控制工程
第六批,大连大学,机械设计制造及其自动化
第六批,大连大学,化学工程与工艺
第六批,辽宁工程技术大学,机械工程及自动化
第六批,辽宁工程技术大学,土木工程
第六批,沈阳工业大学,工业工程
第六批,沈阳建筑大学,给水排水工程
第六批,沈阳建筑大学,工程管理
第六批,辽宁石油化工大学,过程装备与控制工程
第六批,辽宁石油化工大学,油气储运工程
第六批,大连交通大学,土木工程
第六批,沈阳化工大学,无机非金属材料工程
第六批,沈阳化工大学,高分子材料与工程
第六批,辽宁工业大学,机械设计制造及其自动化
第六批,沈阳航空航天大学,电子信息工程
第六批,沈阳农业大学,农业机械化及其自动化
第六批,中国医科大学,预防医学
第六批,辽宁中医药大学,针灸推拿学
第六批,沈阳药科大学,生物工程
第六批,沈阳药科大学,中药学
第六批,辽宁师范大学,数学与应用数学
第六批,沈阳师范大学,学前教育
第六批,沈阳师范大学,汉语言文学
第六批,渤海大学,汉语言文学
第六批,东北财经大学,工程管理
第六批,东北财经大学,旅游管理
第六批,沈阳工程学院,电气工程及其自动化
第六批,辽宁医学院,临床医学
第六批,大连外国语学院,英语
第六批,沈阳体育学院,运动人体科学
第六批,沈阳音乐学院,作曲与作曲技术理论
第六批,辽宁对外经贸学院,国际经济与贸易
第六批,吉林大学,地质学
第六批,吉林大学,高分子材料与工程
第六批,吉林大学,测控技术与仪器
第六批,吉林大学,计算机科学与技术
第六批,吉林大学,动物医学
第六批,东北师范大学,心理学
第六批,东北师范大学,会计学
第六批,延边大学,临床医学
第六批,延边大学,药学
第六批,北华大学,电气工程及其自动化
第六批,北华大学,医学检验
第六批,长春理工大学,光电子技术科学
第六批,长春理工大学,无机非金属材料工程
第六批,长春理工大学,测控技术与仪器
第六批,长春工业大学,金属材料工程
第六批,长春工业大学,自动化
第六批,长春工业大学,计算机科学与技术
第六批,吉林农业大学,食品科学与工程
第六批,吉林农业大学,动物医学
第六批,长春中医药大学,护理学
第六批,长春中医药大学,中药学
第六批,吉林师范大学,思想政治教育
第六批,吉林师范大学,数学与应用数学
第六批,吉林财经大学,经济学
第六批,吉林财经大学,国际经济与贸易
第六批,东北电力大学,应用化学
第六批,东北电力大学,计算机科学与技术
第六批,吉林艺术学院,表演
第六批,哈尔滨工业大学,建筑环境与设备工程
第六批,哈尔滨工业大学,道路桥梁与渡河工程
第六批,哈尔滨工业大学,飞行器制造工程
第六批,哈尔滨工业大学,探测制导与控制技术
第六批,哈尔滨工程大学,测控技术与仪器
第六批,哈尔滨工程大学,信息对抗技术
第六批,东北林业大学,园林
第六批,东北林业大学,农林经济管理
第六批,黑龙江大学,法学
第六批,黑龙江大学,英语
第六批,黑龙江大学,日语
第六批,黑龙江大学,化学
第六批,齐齐哈尔大学,化学工程与工艺
第六批,哈尔滨理工大学,信息与计算科学
第六批,哈尔滨理工大学,金属材料工程
第六批,哈尔滨理工大学,测控技术与仪器
第六批,哈尔滨理工大学,计算机科学与技术
第六批,东北石油大学,地球化学
第六批,东北石油大学,过程装备与控制工程
第六批,东北农业大学,食品科学与工程
第六批,东北农业大学,农林经济管理
第六批,哈尔滨师范大学,思想政治教育
第六批,哈尔滨师范大学,数学与应用数学
第六批,哈尔滨师范大学,生物科学
第六批,哈尔滨师范大学,心理学
第六批,哈尔滨商业大学,食品科学与工程
第六批,黑龙江科技学院,机械设计制造及其自动化
第六批,黑河学院,绘画
第六批,复旦大学,国际政治
第六批,复旦大学,核技术
第六批,复旦大学,管理科学
第六批,上海交通大学,法学
第六批,上海交通大学,电子科学与技术
第六批,上海交通大学,环境科学与工程
第六批,上海交通大学,化学工程与工艺
第六批,上海交通大学,食品科学与工程
第六批,同济大学,数学与应用数学
第六批,同济大学,材料科学与工程
第六批,同济大学,给水排水工程
第六批,同济大学,工程力学
第六批,华东理工大学,环境工程
第六批,华东理工大学,信息管理与信息系统
第六批,东华大学,应用物理学
第六批,东华大学,环境工程
第六批,华东师范大学,体育教育
第六批,华东师范大学,英语
第六批,华东师范大学,统计学
第六批,上海外国语大学,德语
第六批,上海外国语大学,新闻学
第六批,上海财经大学,工商管理
第六批,上海大学,化学工程与工艺
第六批,上海理工大学,光信息科学与技术
第六批,上海海事大学,航运管理
第六批,上海工程技术大学,工商管理
第六批,上海海洋大学,农林经济管理
第六批,上海师范大学,旅游管理
第六批,华东政法大学,侦查学
第六批,上海政法学院,社会工作
第六批,上海建桥学院,计算机科学与技术
第六批,上海第二工业大学,物流管理
第六批,上海电力学院,自动化
第六批,上海电机学院,国际经济与贸易
第六批,上海对外贸易学院,工商管理
第六批,上海金融学院,会计学
第六批,上海立信会计学院,金融学
第六批,上海体育学院,体育教育
第六批,上海音乐学院,作曲与作曲技术理论
第六批,南京大学,国际经济与贸易
第六批,南京大学,法语
第六批,南京大学,天文学
第六批,南京大学,临床医学
第六批,南京大学,环境科学
第六批,南京大学,行政管理
第六批,东南大学,数学与应用数学
第六批,东南大学,材料科学与工程
第六批,东南大学,道路桥梁与渡河工程
第六批,东南大学,医学影像学
第六批,江南大学,高分子材料与工程
第六批,江南大学,计算机科学与技术
第六批,江南大学,环境工程
第六批,江南大学,服装设计与工程
第六批,南京航空航天大学,交通运输
第六批,南京航空航天大学,飞行器动力工程
第六批,南京理工大学,光电信息工程
第六批,中国矿业大学,会计学
第六批,中国矿业大学,信息工程
第六批,河海大学,通信工程
第六批,河海大学,农业水利工程
第六批,南京农业大学,生物科学
第六批,南京农业大学,农业机械化及其自动化
第六批,苏州大学,数学与应用数学
第六批,苏州大学,放射医学
第六批,扬州大学,汉语言文学
第六批,江苏大学,车辆工程
第六批,江苏大学,医学检验
第六批,江苏科技大学,自动化
第六批,南京邮电大学,工商管理
第六批,南京工业大学,材料科学与工程
第六批,南京工业大学,过程装备与控制工程
第六批,常州大学,过程装备与控制工程
第六批,南京林业大学,森林工程
第六批,南京医科大学,护理学
第六批,南京师范大学,小学教育
第六批,南京师范大学,数学与应用数学
第六批,南通大学,预防医学
第六批,南京信息工程大学,计算机科学与技术
第六批,徐州工程学院,食品科学与工程
第六批,南京工程学院,电气工程及其自动化
第六批,淮海工学院,海洋技术
第六批,盐城工学院,机械设计制造及其自动化
第六批,盐城工学院,土木工程
第六批,徐州医学院,医学影像学
第六批,江苏技术师范学院,电子信息工程
第六批,苏州科技学院,环境工程
第六批,南京审计学院,财政学
第六批,南京体育学院,运动人体科学
第六批,南京艺术学院,表演
第六批,常熟理工学院,数学与应用数学
第六批,浙江大学,国际经济与贸易
第六批,浙江大学,计算机科学与技术
第六批,浙江大学,土木工程
第六批,浙江大学,生物系统工程
第六批,浙江大学,植物保护
第六批,宁波大学,体育教育
第六批,浙江工业大学,汉语言文学
第六批,杭州,电子科技大学
第六批,浙江理工大学,轻化工程
第六批,浙江农林大学,木材科学与工程
第六批,浙江中医药大学,听力学
第六批,浙江中医药大学,护理学
第六批,浙江师范大学,思想政治教育
第六批,杭州师范大学,化学
第六批,浙江工商大学,计算机科学与技术
第六批,温州大学,物理学
第六批,中国计量学院,产品质量工程
第六批,宁波工程学院,土木工程
第六批,嘉兴学院,会计学
第六批,温州医学院,药学
第六批,台州学院,材料物理
第六批,绍兴文理学院,纺织工程
第六批,浙江警察学院,治安学
第六批,中国美术学院,雕塑
第六批,中国美术学院,建筑学
第六批,浙江树人学院,国际经济与贸易
第六批,浙江万里学院,会展经济与管理
第六批,中国科学技术大学,生物科学
第六批,中国科学技术大学,地球物理学
第六批,合肥工业大学,材料成型及控制工程
第六批,合肥工业大学,建筑学
第六批,合肥工业大学,土木工程
第六批,安徽大学,新闻学
第六批,安徽理工大学,信息与计算科学
第六批,安徽工业大学,自动化
第六批,安徽农业大学,农业机械化及其自动化
第六批,安徽医科大学,公共事业管理
第六批,安徽师范大学,电子信息工程
第六批,淮北师范大学,公共事业管理
第六批,安徽财经大学,金融学
第六批,安徽建筑工业学院,工程管理
第六批,安徽中医学院,中西医临床医学
第六批,皖南医学院,法医学
第六批,阜阳师范学院,汉语言文学
第六批,淮南师范学院,小学教育
第六批,安庆师范学院,英语
第六批,安徽科技学院,动物医学
第六批,宿州学院,应用化学
第六批,铜陵学院,会计学
第六批,皖西学院,电子信息科学与技术
第六批,巢湖学院,无机非金属材料工程
第六批,合肥学院,化学工程与工艺
第六批,池州学院,资源环境与城乡规划管理
第六批,厦门大学,金融学
第六批,厦门大学,行政管理
第六批,华侨大学,材料科学与工程
第六批,华侨大学,建筑学
第六批,福建农林大学,农学
第六批,福建农林大学,园林
第六批,福建农林大学,动物医学
第六批,集美大学,航海技术
第六批,集美大学,水产养殖学
第六批,福州大学,土木工程
第六批,福建医科大学,药学
第六批,福建中医药大学,中西医临床医学
第六批,福建师范大学,经济学
第六批,福建师范大学,历史学
第六批,厦门理工学院,车辆工程
第六批,福建工程学院,工程造价
第六批,福建工程学院,电气工程及其自动化
第六批,泉州师范学院,电子商务
第六批,漳州师范学院,化学
第六批,龙岩学院,材料科学与工程
第六批,三明学院,艺术设计
第六批,闽江学院,广告学
第六批,闽江学院,服装设计与工程
第六批,武夷学院,茶学
第六批,南昌大学,软件工程
第六批,南昌大学,食品科学与工程
第六批,南昌大学,工商管理
第六批,江西理工大学,冶金工程
第六批,华东交通大学,自动化
第六批,东华理工大学,核工程与核技术
第六批,南昌航空大学,材料成型及控制工程
第六批,南昌航空大学,软件工程
第六批,江西农业大学,生物工程
第六批,江西师范大学,思想政治教育
第六批,江西财经大学,财政学
第六批,江西财经大学,法学
第六批,井冈山大学,化学
第六批,景德镇陶瓷学院,艺术设计
第六批,南昌理工学院,计算机科学与技术
第六批,赣南医学院,麻醉学
第六批,上饶师范学院,数学与应用数学
第六批,江西蓝天学院,汽车服务工程
第六批,宜春学院,农学
第六批,九江学院,生物科学
第六批,山东大学,财政学
第六批,山东大学,生态学
第六批,山东大学,口腔医学
第六批,山东大学,土木工程
第六批,中国石油大学(华东),热能与动力工程
第六批,中国海洋大学,法学
第六批,中国海洋大学,食品科学与工程
第六批,中国海洋大学,化学
第六批,青岛大学,机械工程及自动化
第六批,青岛大学,应用物理学
第六批,山东科技大学,电子信息工程
第六批,山东理工大学,交通运输
第六批,聊城大学,历史学
第六批,烟台大学,电子信息科学与技术
第六批,青岛科技大学,过程装备与控制工程
第六批,青岛理工大学,给水排水工程
第六批,济南大学,机械工程及自动化
第六批,山东建筑大学,艺术设计
第六批,山东农业大学,农业资源与环境
第六批,山东农业大学,动物医学
第六批,青岛农业大学,园艺
第六批,山东中医药大学,制药工程
第六批,山东师范大学,思想政治教育
第六批,山东师范大学,音乐学
第六批,曲阜师范大学,体育教育
第六批,曲阜师范大学,历史学
第六批,鲁东大学,汉语言文学
第六批,山东轻工业学院,艺术设计
第六批,潍坊学院,计算机科学与技术
第六批,山东交通学院,土木工程
第六批,潍坊医学院,麻醉学
第六批,泰山医学院,药学
第六批,滨州医学院,生物技术
第六批,德州学院,服装设计与工程
第六批,临沂师范学院,公共事业管理
第六批,山东经济学院,经济学
第六批,山东经济学院,金融学
第六批,山东财政学院,工商管理
第六批,山东工商学院,统计学
第六批,山东艺术学院,艺术设计
第六批,山东工艺美术学院,艺术设计学
第六批,郑州大学,通信工程
第六批,郑州大学,工程力学
第六批,郑州大学,旅游管理
第六批,郑州大学,金融学
第六批,河南大学,体育教育
第六批,河南大学,历史学
第六批,河南大学,化学
第六批,河南科技大学,金属材料工程
第六批,河南科技大学,农业机械化及其自动化
第六批,河南理工大学,矿物加工工程
第六批,河南理工大学,计算机科学与技术
第六批,河南工业大学,计算机科学与技术
第六批,河南工业大学,粮食工程
第六批,河南农业大学,烟草
第六批,河南农业大学,林学
第六批,河南师范大学,经济学
第六批,河南师范大学,环境工程
第六批,河南财经政法大学,国际经济与贸易
第六批,华北水利水电学院,农业水利工程
第六批,郑州轻工业学院,高分子材料与工程
第六批,中原工学院,自动化
第六批,郑州航空工业管理学院,审计学
第六批,河南城建学院,建筑环境与设备工程
第六批,河南中医学院,中西医临床医学
第六批,新乡医学院,药学
第六批,信阳师范学院,汉语言文学
第六批,周口师范学院,生物科学
第六批,洛阳师范学院,化学
第六批,商丘师范学院,物理学
第六批,南阳师范学院,化学
第六批,安阳师范学院,材料化学
第六批,许昌学院,电气工程及其自动化
第六批,河南科技学院,园艺
第六批,武汉大学,经济学
第六批,武汉大学,生物技术
第六批,武汉大学,电气工程与自动化
第六批,武汉大学,土木工程
第六批,武汉大学,测绘工程
第六批,华中科技大学,经济学
第六批,华中科技大学,材料科学与工程
第六批,华中科技大学,城市规划
第六批,华中科技大学,公共事业管理
第六批,中国地质大学(武汉),地球化学
第六批,中国地质大学(武汉),环境工程
第六批,武汉理工大学,国际经济与贸易
第六批,武汉理工大学,土木工程
第六批,武汉理工大学,物流工程
第六批,武汉理工大学,工程力学
第六批,华中农业大学,园林
第六批,华中师范大学,生物科学
第六批,华中师范大学,心理学
第六批,华中师范大学,教育技术学
第六批,中南财经政法大学,市场营销
第六批,中南财经政法大学,劳动与社会保障
第六批,中南民族大学,汉语言文学
第六批,湖北大学,化学
第六批,湖北大学,高分子材料与工程
第六批,长江大学,机械设计制造及其自动化
第六批,长江大学,化学工程与工艺
第六批,三峡大学,工程管理
第六批,武汉科技大学,矿物加工工程
第六批,武汉科技大学,化学工程与工艺
第六批,湖北工业大学,电气工程及其自动化
第六批,湖北工业大学,生物工程
第六批,武汉工程大学,应用化学
第六批,武汉工程大学,高分子材料与工程
第六批,武汉纺织大学,机械设计制造及其自动化
第六批,湖北中医药大学,中医学
第六批,武汉工业学院,化学工程与工艺
第六批,湖北汽车工业学院,材料成型及控制工程
第六批,湖北师范学院,生物科学
第六批,黄冈师范学院,汉语言文学
第六批,孝感学院,园艺
第六批,湖北经济学院,会计学
第六批,武汉体育学院,运动训练
第六批,湖北美术学院,雕塑
第六批,湖北民族学院,化学
第六批,咸宁学院,地理科学
第六批,湖南大学,工商管理
第六批,湖南大学,会计学
第六批,中南大学,英语
第六批,中南大学,粉体材料科学与工程
第六批,中南大学,测绘工程
第六批,中南大学,信息管理与信息系统
第六批,湘潭大学,经济学
第六批,湘潭大学,化学
第六批,湘潭大学,软件工程
第六批,湖南科技大学,信息与计算科学
第六批,湖南科技大学,自动化
第六批,吉首大学,工商管理
第六批,长沙理工大学,金融学
第六批,长沙理工大学,交通运输
第六批,南华大学,给水排水工程
第六批,南华大学,临床医学
第六批,湖南农业大学,动物科学
第六批,湖南师范大学,汉语言文学
第六批,长沙学院,日语
第六批,湖南第一师范学院,小学教育
第六批,湖南理工学院,汉语言文学
第六批,湖南工学院,安全工程
第六批,中南林业科技大学,土地资源管理
第六批,长沙医学院,临床医学
第六批,湘南学院,护理学
第六批,湖南涉外经济学院,社会体育
第六批,湖南人文科技学院,思想政治教育
第六批,邵阳学院,体育教育
第六批,邵阳学院,机械设计制造及其自动化
第六批,湖南科技学院,生物工程
第六批,怀化学院,人文教育
第六批,中山大学,法医学
第六批,中山大学,护理学
第六批,中山大学,行政管理
第六批,华南理工大学,高分子材料与工程
第六批,华南理工大学,城市规划
第六批,华南理工大学,化学工程与工艺
第六批,华南理工大学,生物工程
第六批,华南理工大学,工商管理
第六批,暨南大学,工程力学
第六批,汕头大学,广播电视新闻学
第六批,深圳大学,金融学
第六批,五邑大学,电子信息工程
第六批,五邑大学,土木工程
第六批,五邑大学,交通工程
第六批,广东工业大学,环境工程
第六批,广东工业大学,工商管理
第六批,华南农业大学,食品质量与安全
第六批,华南农业大学,林学
第六批,广东海洋大学,食品质量与安全
第六批,广东海洋大学,海洋渔业科学与技术
第六批,广州中医药大学,护理学
第六批,南方医科大学,医学影像学
第六批,华南师范大学,经济学
第六批,华南师范大学,社会体育
第六批,广东外语外贸大学,日语
第六批,广州大学,计算机科学与技术
第六批,仲恺农业工程学院,食品科学与工程
第六批,广东医学院,医学影像学
第六批,广东药学院,药物制剂
第六批,湛江师范学院,化学
第六批,韩山师范学院,生物科学
第六批,广东商学院,财政学
第六批,广东商学院,会计学
第六批,广州体育学院,社会体育
第六批,广州美术学院,雕塑
第六批,星海音乐学院,录音艺术
第六批,广东技术师范学院,汉语言文学
第六批,佛山科学技术学院,土木工程
第六批,广西大学,英语
第六批,广西大学,机械工程及自动化
第六批,广西大学,水利水电工程
第六批,桂林,电子科技大学
第六批,信息与计算科学,桂林
第六批,桂林理工大学,环境工程
第六批,广西师范大学,法学
第六批,广西民族大学,对外汉语
第六批,广西中医学院,针灸推拿学
第六批,桂林医学院,药学
第六批,广西师范学院,思想政治教育
第六批,河池学院,汉语言文学
第六批,广西财经学院,工商管理
第六批,广西艺术学院,音乐表演
第六批,梧州学院,国际经济与贸易
第六批,海南大学,农业资源与环境
第六批,海南师范大学,艺术设计
第六批,海南医学院,临床医学
第六批,重庆大学,材料科学与工程
第六批,重庆大学,计算机科学与技术
第六批,重庆大学,建筑环境与设备工程
第六批,西南大学,汉语言文学
第六批,西南大学,物理学
第六批,西南大学,动物医学
第六批,重庆交通大学,交通运输
第六批,重庆邮电大学,微电子学
第六批,重庆理工大学,计算机科学与技术
第六批,重庆理工大学,会计学
第六批,重庆医科大学,护理学
第六批,重庆师范大学,汉语言文学
第六批,重庆工商大学,经济学
第六批,西南政法大学,新闻学
第六批,重庆科技学院,冶金工程
第六批,四川外语学院,德语
第六批,四川外语学院,西班牙语
第六批,四川美术学院,工业设计
第六批,四川大学,哲学
第六批,四川大学,经济学
第六批,四川大学,土木工程
第六批,四川大学,基础医学
第六批,西南交通大学,地质工程
第六批,西南交通大学,电子信息工程
第六批,西南交通大学,计算机科学与技术
第六批,电子科技大学,数学与应用数学
第六批,电子科技大学,软件工程
第六批,西南财经大学,人力资源管理
第六批,西南民族大学,金融学
第六批,成都理工大学,核工程与核技术
第六批,西华大学,食品科学与工程
第六批,西南科技大学,光信息科学与技术
第六批,西南科技大学,地质工程
第六批,四川农业大学,园林
第六批,四川农业大学,农林经济管理
第六批,成都中医药大学,护理学
第六批,四川师范大学,经济学
第六批,四川师范大学,思想政治教育
第六批,四川师范大学,教育技术学
第六批,西华师范大学,教育学
第六批,西华师范大学,体育教育
第六批,西华师范大学,地理科学
第六批,西南石油大学,过程装备与控制工程
第六批,成都信息工程学院,信息与计算科学
第六批,成都信息工程学院,电子商务
第六批,四川理工学院,自动化
第六批,泸州医学院,中西医临床医学
第六批,成都体育学院,运动训练
第六批,成都学院,动画
第六批,西昌学院,中国少数民族语言文学(彝语言文学)
第六批,攀枝花学院,材料科学与工程
第六批,贵州大学,哲学
第六批,贵州大学,冶金工程
第六批,贵州师范大学,汉语言文学
第六批,贵州师范大学,旅游管理
第六批,贵阳医学院,医学检验
第六批,遵义医学院,护理学
第六批,贵阳中医学院,中西医临床医学
第六批,黔南民族师范学院,汉语言文学
第六批,贵州财经学院,金融学
第六批,贵州财经学院,工程管理
第六批,贵州民族学院,统计学
第六批,贵阳学院,生物工程
第六批,云南大学,政治学与行政学
第六批,云南大学,大气科学
第六批,云南大学,生态学
第六批,昆明理工大学,水利水电工程
第六批,昆明理工大学,环境工程
第六批,云南农业大学,农学
第六批,西南林业大学,水土保持与荒漠化防治
第六批,云南师范大学,体育教育
第六批,云南师范大学,生物科学
第六批,云南师范大学,地理科学
第六批,云南财经大学,金融学
第六批,云南民族大学,社会学
第六批,昆明医学院,药学
第六批,玉溪师范学院,美术学
第六批,楚雄师范学院,物理学
第六批,红河学院,国际经济与贸易
第六批,大理学院,护理学
第六批,昆明学院,汉语言文学
第六批,西藏大学,美术学
第六批,西藏大学,林学
第六批,西藏民族学院,会计学
第六批,西安交通大学,材料科学与工程
第六批,西安交通大学,生物医学工程
第六批,西安交通大学,土木工程
第六批,西安交通大学,建筑环境与设备工程
第六批,陕西师范大学,生物科学
第六批,陕西师范大学,心理学
第六批,西安,电子科技大学
第六批,西安,电子科技大学
第六批,电子科学与技术,长安大学
第六批,长安大学,车辆工程
第六批,长安大学,自动化
第六批,西北农林科技大学,生物技术
第六批,西北农林科技大学,食品科学与工程
第六批,西北工业大学,复合材料与工程
第六批,西北工业大学,飞行器制造工程
第六批,西北大学,资源环境与城乡规划管理
第六批,西北大学,光信息科学与技术
第六批,西北大学,过程装备与控制工程
第六批,西北大学,行政管理
第六批,延安大学,化学工程与工艺
第六批,西安理工大学,材料成型及控制工程
第六批,西安理工大学,测控技术与仪器
第六批,西安理工大学,工商管理
第六批,西安建筑科技大学,艺术设计
第六批,西安建筑科技大学,材料科学与工程
第六批,西安建筑科技大学,给水排水工程
第六批,西安科技大学,机械设计制造及其自动化
第六批,西安科技大学,化学工程与工艺
第六批,西安石油大学,石油工程
第六批,西安石油大学,测控技术与仪器
第六批,西安石油大学,机械设计制造及其自动化
第六批,西安工程大学,艺术设计
第六批,西安工业大学,人力资源管理
第六批,西安工业大学,自动化
第六批,西安外国语大学,旅游管理
第六批,西安外国语大学,翻译
第六批,西北政法大学,新闻学
第六批,西北政法大学,侦查学
第六批,陕西科技大学,材料成型及控制工程
第六批,陕西科技大学,包装工程
第六批,西安邮电学院,集成电路设计与集成系统
第六批,陕西中医学院,中药学
第六批,宝鸡文理学院,物理学
第六批,西安财经学院,会计学
第六批,西安体育学院,体育教育
第六批,西安美术学院,美术学
第六批,西安美术学院,动画
第六批,西京学院,机械设计制造及其自动化
第六批,安康学院,园林
第六批,兰州大学,材料化学
第六批,兰州大学,行政管理
第六批,兰州理工大学,自动化
第六批,兰州交通大学,电气工程及其自动化
第六批,甘肃农业大学,农业机械化及其自动化
第六批,西北师范大学,化学
第六批,西北师范大学,生物科学
第六批,甘肃中医学院,针灸推拿学
第六批,陇东学院,生物科学
第六批,甘肃民族师范学院,中国少数民族语言文学
第六批,兰州商学院,市场营销
第六批,甘肃政法学院,边防管理
第六批,青海大学,经济学
第六批,青海大学,化学工程与工艺
第六批,青海师范大学,地理科学
第六批,青海民族大学,网络工程
第六批,宁夏大学,机械工程及自动化
第六批,宁夏大学,食品科学与工程
第六批,宁夏医科大学,护理学
第六批,宁夏医科大学,药学
第六批,宁夏师范学院,汉语言文学
第六批,新疆大学,机械设计制造及其自动化
第六批,新疆大学,自动化
第六批,新疆大学,电子信息工程
第六批,新疆大学,纺织工程
第六批,石河子大学,动物医学
第六批,塔里木大学,农业水利工程
第六批,新疆农业大学,水利水电工程
第六批,新疆农业大学,农业资源与环境
第六批,新疆农业大学,园艺
第六批,新疆医科大学,中医学
第六批,新疆医科大学,针灸推拿学
第六批,新疆师范大学,体育教育
第六批,新疆财经大学,统计学
第六批,伊犁师范学院,中国少数民族语言文学(哈萨克语言)
第六批,新疆艺术学院,音乐表演
第五批,中国人民大学,历史学（国学方向）
第五批,北京科技大学,自动化
第五批,北京邮电大学,信息工程
第五批,北京石油化工学院,机械电子工程
第五批,北京林业大学,林产化工
第五批,首都师范大学,软件工程
第五批,北京工商大学,财务管理
第五批,中国音乐学院,作曲与作曲技术理论
第五批,中央美术学院,美术学
第五批,中央戏剧学院,导演
第五批,中国戏曲学院,戏剧影视美术设计
第五批,北京舞蹈学院,表演
第五批,中央民族大学,音乐学
第五批,天津工业大学,软件工程
第五批,天津财经大学,统计学
第五批,天津美术学院,绘画
第五批,河北经贸大学,财政学
第五批,山西财经大学,财务管理
第五批,内蒙古医学院,蒙医学
第五批,内蒙古医学院,蒙药学
第五批,大连工业大学,计算机科学与技术
第五批,大连水产学院,海洋渔业科学与技术
第五批,东北财经大学,保险
第五批,东北财经大学,税务
第五批,沈阳音乐学院,音乐表演
第五批,鲁迅美术学院,绘画
第五批,长春税务学院,会计学
第五批,哈尔滨工业大学,土木工程
第五批,大庆石油学院,计算机科学与技术
第五批,东北农业大学,计算机科学与技术
第五批,哈尔滨商业大学,经济学
第五批,上海对外贸易学院,物流管理
第五批,上海戏剧学院,戏剧影视文学
第五批,上海第二工业大学,软件工程
第五批,苏州大学,软件工程
第五批,南京工业大学,计算机科学与技术
第五批,江南大学,制药工程
第五批,南京财经大学,经济学
第五批,浙江理工大学,计算机科学与技术
第五批,浙江万里学院,物流管理
第五批,合肥学院,计算机科学与技术
第五批,福建农林大学,蜂学
第五批,井冈山大学,音乐学
第五批,江西财经大学,会计学
第五批,南昌大学,计算机科学与技术
第五批,山东农业大学,蚕学
第五批,山东师范大学,计算机科学与技术
第五批,山东经济学院,工商管理
第五批,山东艺术学院,公共事业管理
第五批,武汉理工大学,车辆工程
第五批,武汉音乐学院,音乐表演
第五批,武汉科技大学,计算机科学与技术
第五批,长沙理工大学,计算机科学与技术
第五批,湖南农业大学,茶学
第五批,湖南中医药大学,中西医临床医学
第五批,湖南商学院,经济学
第五批,汕头大学,土木工程
第五批,华南农业大学,茶学
第五批,广州大学,机械设计制造及其自动化
第五批,广州美术学院,工业设计
第五批,深圳大学,计算机科学与技术
第五批,广东外语外贸大学,计算机科学与技术
第五批,南方医科大学,医学检验
第五批,广西医科大学,药学
第五批,重庆邮电大学,软件工程
第五批,四川美术学院,雕塑
第五批,重庆工商大学,会计学
第五批,成都信息工程学院,计算机科学与技术
第五批,四川农业大学,茶学
第五批,成都中医药大学,藏医学
第五批,四川音乐学院,作曲与作曲技术理论
第五批,成都学院,计算机科学与技术
第五批,四川大学,制药工程
第五批,昆明理工大学,电气工程及其自动化
第五批,云南农业大学,茶学
第五批,云南财经大学,物流管理
第五批,云南艺术学院,表演
第五批,西藏藏医学院,藏药学
第五批,西安工业大学,软件工程
第五批,兰州商学院,会计学
第五批,青海大学,藏医学
第五批,新疆医科大学,维医学
第五批,新疆财经大学,工商管理
第五批,　,　
第四批,北京大学,国际政治
第四批,北京大学,地理科学
第四批,北京大学,地球物理学
第四批,北京大学,理论与应用力学
第四批,中国人民大学,宗教学
第四批,中国人民大学,计算机科学与技术
第四批,中国人民大学,会计学
第四批,清华大学,材料科学与工程
第四批,清华大学,测控技术与仪器
第四批,清华大学,生物医学工程
第四批,清华大学,工业工程
第四批,北京交通大学,交通工程
第四批,北京科技大学,机械工程及自动化
第四批,中国石油大学(北京),应用化学
第四批,中国矿业大学,(北京校区)
第四批,地质工程,中国矿业大学
第四批,中国地质大学(北京),土地资源管理
第四批,北京邮电大学,信息工程
第四批,北京化工大学,应用化学
第四批,北京化工大学,自动化
第四批,中国农业大学,电气工程及其自动化
第四批,中国农业大学,农村区域发展
第四批,北京林业大学,风景园林
第四批,北京林业大学,野生动物与自然保护区管理
第四批,北京师范大学,思想政治教育
第四批,北京师范大学,化学
第四批,北京师范大学,环境科学
第四批,北京外国语大学,法语
第四批,北京外国语大学,新闻学
第四批,北京语言大学,日语
第四批,北京语言大学,阿拉伯语
第四批,对外经济贸易大学,金融工程
第四批,中央财经大学,税务
第四批,中国政法大学,社会学
第四批,中央民族大学,舞蹈学
第四批,中央民族大学,历史学
第四批,中央民族大学,艺术设计
第四批,中国人民公安大学,交通管理工程
第四批,北京体育大学,运动人体科学
第四批,北京理工大学,机械工程及自动化
第四批,北京理工大学,武器系统与发射工程
第四批,北京航空航天大学,材料科学与工程
第四批,北京航空航天大学,电气工程及其自动化
第四批,北京信息科技大学,自动化
第四批,北京信息科技大学,计算机科学与技术
第四批,北京工商大学,会计学
第四批,北京工商大学,食品科学与工程
第四批,北京联合大学,旅游管理
第四批,北京工业大学,建筑环境与设备工程
第四批,北方工业大学,电子信息工程
第四批,北方工业大学,机械设计制造及其自动化
第四批,首都医科大学,预防医学
第四批,首都师范大学,汉语言文学
第四批,首都经济贸易大学,统计学
第四批,中国传媒大学,广告学
第四批,中国传媒大学,录音艺术
第四批,国际关系学院,国际经济与贸易
第四批,中国青年政治学院,法学
第四批,中华女子学院,女性学
第四批,北京建筑工程学院,土木工程
第四批,北京服装学院,服装设计与工程
第四批,北京农学院,动物医学
第四批,北京第二外国语学院,英语
第四批,南开大学,政治学与行政学
第四批,南开大学,数学与应用数学
第四批,南开大学,物理学
第四批,天津大学,应用化学
第四批,天津大学,信息工程
第四批,天津大学,水利水电工程
第四批,天津大学,工程力学
第四批,中国民航大学,飞行技术
第四批,天津工业大学,轻化工程
第四批,天津科技大学,生物工程
第四批,天津理工大学,机械工程及自动化
第四批,天津医科大学,护理学
第四批,天津中医药大学,针灸推拿学
第四批,天津师范大学,法学
第四批,天津财经大学,工商管理
第四批,天津商业大学,金融学
第四批,天津体育学院,体育教育
第四批,华北电力大学,环境工程
第四批,华北电力大学,工程管理
第四批,河北大学,哲学
第四批,河北工业大学,电气工程及其自动化
第四批,燕山大学,材料成型及控制工程
第四批,燕山大学,自动化
第四批,河北理工大学,化学工程与工艺
第四批,河北科技大学,制药工程
第四批,河北工程大学,土木工程
第四批,河北农业大学,土木工程
第四批,河北医科大学,口腔医学
第四批,河北医科大学,预防医学
第四批,河北师范大学,地理科学
第四批,河北经贸大学,国际经济与贸易
第四批,河北经贸大学,金融学
第四批,中国人民武装警察部队学院,火灾勘查
第四批,中央司法警官学院,行政管理
第四批,华北科技学院,自动化
第四批,石家庄铁道学院,交通工程
第四批,石家庄铁道学院,工程管理
第四批,石家庄经济学院,土地资源管理
第四批,华北煤炭医学院,护理学
第四批,承德医学院,临床医学
第四批,廊坊师范学院,汉语言文学
第四批,河北体育学院,运动训练
第四批,石家庄学院,制药工程
第四批,山西大学,计算机科学与技术
第四批,太原理工大学,计算机科学与技术
第四批,中北大学,特种能源工程与烟火技术
第四批,太原科技大学,自动化
第四批,山西农业大学,农业资源与环境
第四批,山西医科大学,预防医学
第四批,山西师范大学,物理学
第四批,山西大同大学,化学
第四批,山西财经大学,统计学
第四批,忻州师范学院,化学
第四批,太原师范学院,数学与应用数学
第四批,内蒙古大学,化学
第四批,内蒙古大学,计算机科学与技术
第四批,内蒙古科技大学,小学教育
第四批,内蒙古民族大学,药物制剂
第四批,内蒙古工业大学,电气工程及其自动化
第四批,内蒙古农业大学,林学
第四批,内蒙古农业大学,水文与水资源工程
第四批,内蒙古师范大学,心理学
第四批,内蒙古师范大学,体育教育
第四批,内蒙古财经学院,财政学
第四批,大连理工大学,材料成型及控制工程
第四批,大连理工大学,热能与动力工程
第四批,大连理工大学,环境工程
第四批,大连理工大学,工程力学
第四批,东北大学,矿物加工工程
第四批,东北大学,材料成型及控制工程
第四批,东北大学,生物医学工程
第四批,大连海事大学,交通运输
第四批,辽宁大学,财政学
第四批,辽宁大学,国民经济管理
第四批,大连大学,生物工程
第四批,沈阳理工大学,机械设计制造及其自动化
第四批,辽宁工程技术大学,信息管理与信息系统
第四批,沈阳工业大学,机械设计制造及其自动化
第四批,沈阳工业大学,测控技术与仪器
第四批,沈阳建筑大学,无机非金属材料工程
第四批,沈阳建筑大学,机械设计制造及其自动化
第四批,辽宁石油化工大学,应用化学
第四批,大连交通大学,材料成型及控制工程
第四批,辽宁科技大学,机械设计制造及其自动化
第四批,大连工业大学,生物工程
第四批,沈阳农业大学,农学
第四批,中国医科大学,护理学
第四批,大连医科大学,药学
第四批,辽宁中医药大学,护理学
第四批,沈阳药科大学,药物制剂
第四批,辽宁师范大学,化学
第四批,沈阳师范大学,英语
第四批,东北财经大学,统计学
第四批,大连民族学院,生物工程
第四批,大连民族学院,电子信息工程
第四批,中国刑事警察学院,信息安全
第四批,沈阳航空工业学院,机械设计制造及其自动化
第四批,沈阳医学院,预防医学
第四批,大连外国语学院,俄语
第四批,吉林大学,政治学与行政学
第四批,吉林大学,考古学
第四批,吉林大学,地下水科学与工程
第四批,吉林大学,材料成型及控制工程
第四批,东北师范大学,思想政治教育
第四批,东北师范大学,环境科学
第四批,延边大学,化学
第四批,北华大学,园林
第四批,长春理工大学,机械设计制造及其自动化
第四批,长春理工大学,光电信息工程
第四批,长春理工大学,计算机科学与技术
第四批,长春工业大学,高分子材料与工程
第四批,长春工业大学,化学工程与工艺
第四批,吉林农业大学,动物科学
第四批,吉林农业大学,农林经济管理
第四批,吉林农业大学,家政学
第四批,长春中医药大学,针灸推拿学
第四批,吉林师范大学,小学教育
第四批,吉林师范大学,汉语言文学
第四批,东北电力大学,热能与动力工程
第四批,东北电力大学,电气工程及其自动化
第四批,东北电力大学,自动化
第四批,长春税务学院,税务
第四批,长春税务学院,工商管理
第四批,长春税务学院,日语
第四批,东北林业大学,森林工程
第四批,东北林业大学,森林资源保护与游憩
第四批,东北林业大学,生物技术
第四批,哈尔滨工业大学,光信息科学与技术
第四批,哈尔滨工业大学,焊接技术与工程
第四批,哈尔滨工业大学,土木工程
第四批,哈尔滨工业大学,环境工程
第四批,哈尔滨工程大学,核工程与核技术
第四批,黑龙江大学,哲学
第四批,黑龙江大学,计算机科学与技术
第四批,佳木斯大学,材料成型及控制工程
第四批,佳木斯大学,制药工程
第四批,齐齐哈尔大学,生物科学
第四批,齐齐哈尔大学,艺术设计
第四批,哈尔滨理工大学,机械设计制造及其自动化
第四批,东北农业大学,动物科学
第四批,黑龙江八一农垦大学,农业机械化及其自动化
第四批,哈尔滨医科大学,医学影像学
第四批,黑龙江中医药大学,针灸推拿学
第四批,哈尔滨师范大学,汉语言文学
第四批,哈尔滨师范大学,英语
第四批,哈尔滨商业大学,会计学
第四批,大庆石油学院,化学工程与工艺
第四批,黑龙江科技学院,电气工程及其自动化
第四批,复旦大学,经济学
第四批,复旦大学,历史学
第四批,复旦大学,数学与应用数学
第四批,复旦大学,化学
第四批,　,同济大学
第四批,同济大学,地质工程
第四批,同济大学,机械设计制造及其自动化
第四批,同济大学,历史建筑保护工程
第四批,同济大学,生物信息学
第四批,上海交通大学,热能与动力工程
第四批,上海交通大学,自动化
第四批,上海交通大学,工程力学
第四批,上海交通大学,生物工程
第四批,上海交通大学,护理学
第四批,华东理工大学,社会工作
第四批,华东理工大学,自动化
第四批,东华大学,日语
第四批,东华大学,高分子材料与工程
第四批,华东师范大学,哲学
第四批,华东师范大学,学前教育
第四批,上海外国语大学,俄语
第四批,上海财经大学,统计学
第四批,上海大学,电子信息科学与技术
第四批,上海海事大学,轮机工程
第四批,上海工程技术大学,交通运输
第四批,上海海洋大学,水产养殖学
第四批,上海中医药大学,针灸推拿学
第四批,上海师范大学,广告学
第四批,上海政法学院,监狱学
第四批,上海电机学院,机械设计制造及其自动化
第四批,上海电力学院,热能与动力工程
第四批,上海对外贸易学院,金融学
第四批,上海戏剧学院,广播电视编导
第四批,上海商学院,连锁经营管理
第四批,南京大学,历史学
第四批,南京大学,化学
第四批,南京大学,生物科学
第四批,东南大学,测控技术与仪器
第四批,东南大学,热能与动力工程
第四批,东南大学,城市规划
第四批,东南大学,工程管理
第四批,中国矿业大学,机械工程及自动化
第四批,中国矿业大学,测绘工程
第四批,河海大学,热能与动力工程
第四批,河海大学,工程力学
第四批,江南大学,艺术设计
第四批,江南大学,自动化
第四批,江南大学,化学工程与工艺
第四批,南京农业大学,食品科学与工程
第四批,南京农业大学,园艺
第四批,南京理工大学,材料科学与工程
第四批,南京理工大学,机械工程及自动化
第四批,南京理工大学,电子科学与技术
第四批,南京航空航天大学,信息工程
第四批,苏州大学,物理学
第四批,扬州大学,水利水电工程
第四批,江苏大学,金属材料工程
第四批,南京邮电大学,计算机科学与技术
第四批,南京邮电大学,自动化
第四批,江苏科技大学,信息管理与信息系统
第四批,南京工业大学,土木工程
第四批,南京林业大学,农林经济管理
第四批,南京林业大学,机械设计制造及其自动化
第四批,南京医科大学,口腔医学
第四批,南京医科大学,康复治疗学
第四批,南京中医药大学,针灸推拿学
第四批,南京中医药大学,中药资源与开发
第四批,南京师范大学,法学
第四批,徐州师范大学,教育技术学
第四批,南京财经大学,会计学
第四批,南通大学,汉语言文学
第四批,南京信息工程大学,环境科学
第四批,南京信息工程大学,电子信息工程
第四批,淮阴工学院,生物工程
第四批,徐州工程学院,财务管理
第四批,淮海工学院,水产养殖学
第四批,常州工学院,土木工程
第四批,徐州医学院,临床医学
第四批,淮阴师范学院,思想政治教育
第四批,盐城师范学院,汉语言文学
第四批,江苏警官学院,治安学
第四批,南京体育学院,体育教育
第四批,南京艺术学院,音乐学
第四批,三江学院,新闻学
第四批,浙江大学,物理学
第四批,浙江大学,机械工程及自动化
第四批,浙江大学,电气工程及其自动化
第四批,浙江大学,信息工程
第四批,浙江大学,环境工程
第四批,宁波大学,法学
第四批,浙江工业大学,制药工程
第四批,浙江工业大学,生物工程
第四批,浙江工业大学,应用化学
第四批,杭州,电子科技大学
第四批,软件工程,杭州
第四批,浙江理工大学,电子信息工程
第四批,浙江理工大学,服装设计与工程
第四批,浙江中医药大学,中药学
第四批,浙江师范大学,汉语言文学
第四批,杭州师范大学,计算机科学与技术
第四批,浙江工商大学,会计学
第四批,中国计量学院,自动化
第四批,浙江科技学院,化学工程与工艺
第四批,浙江科技学院,艺术设计
第四批,浙江海洋学院,海洋渔业科学与技术
第四批,浙江林学院,园林
第四批,温州医学院,医学检验
第四批,湖州师范学院,小学教育
第四批,浙江传媒学院,广播电视编导
第四批,浙江财经学院,经济学
第四批,浙江财经学院,金融学
第四批,中国美术学院,美术学
第四批,合肥工业大学,机械设计制造及其自动化
第四批,合肥工业大学,制药工程
第四批,合肥工业大学,食品科学与工程
第四批,中国科学技术大学,计算机科学与技术
第四批,安徽大学,电子信息工程
第四批,安徽大学,计算机科学与技术
第四批,安徽理工大学,地质工程
第四批,安徽工业大学,化学工程与工艺
第四批,安徽农业大学,植物保护
第四批,安徽医科大学,临床医学
第四批,安徽师范大学,英语
第四批,安徽师范大学,音乐学
第四批,安徽财经大学,经济学
第四批,安徽工程科技学院,艺术设计
第四批,安徽建筑工业学院,无机非金属材料工程
第四批,安徽中医学院,药学
第四批,淮北煤炭师范学院,计算机科学与技术
第四批,安庆师范学院,环境科学
第四批,安徽科技学院,生物科学
第四批,阜阳师范学院,数学与应用数学
第四批,合肥学院,电子信息工程
第四批,合肥学院,物流管理
第四批,黄山学院,林学
第四批,铜陵学院,国际经济与贸易
第四批,滁州学院,地理信息系统
第四批,厦门大学,经济学
第四批,厦门大学,财政学
第四批,厦门大学,物理学
第四批,厦门大学,英语
第四批,华侨大学,机械工程及自动化
第四批,华侨大学,旅游管理
第四批,福建农林大学,林学
第四批,福建农林大学,蜂学
第四批,福州大学,电气工程与自动化
第四批,福州大学,化学工程与工艺
第四批,福建医科大学,预防医学
第四批,福建师范大学,数学与应用数学
第四批,福建师范大学,地理科学
第四批,福建中医学院,护理学
第四批,泉州师范学院,音乐学
第四批,福建警察学院,刑事科学技术
第四批,南昌大学,汉语言文学
第四批,南昌大学,生物科学
第四批,江西农业大学,农林经济管理
第四批,江西师范大学,应用化学
第四批,江西财经大学,信息管理与信息系统
第四批,井冈山大学,生物科学
第四批,景德镇陶瓷学院,机械设计制造及其自动化
第四批,南昌工程学院,水利水电工程
第四批,江西中医学院,药学
第四批,赣南师范学院,化学
第四批,江西科技师范学院,旅游管理
第四批,上饶师范学院,化学
第四批,九江学院,国际经济与贸易
第四批,宜春学院,生物工程
第四批,山东大学,金融工程
第四批,山东大学,法学
第四批,山东大学,自动化
第四批,山东大学,护理学
第四批,中国海洋大学,海洋科学
第四批,中国海洋大学,药学
第四批,中国石油大学(华东),过程装备与控制工程
第四批,中国石油大学(华东),自动化
第四批,青岛大学,汉语言文学
第四批,山东科技大学,计算机科学与技术
第四批,山东理工大学,电气工程及其自动化
第四批,聊城大学,汉语言文学
第四批,烟台大学,药学
第四批,青岛科技大学,机械工程及自动化
第四批,青岛科技大学,应用化学
第四批,青岛理工大学,建筑学
第四批,济南大学,应用化学
第四批,山东建筑大学,土木工程
第四批,山东农业大学,生物技术
第四批,山东农业大学,植物保护
第四批,青岛农业大学,动物科学
第四批,山东师范大学,历史学
第四批,山东师范大学,化学
第四批,曲阜师范大学,物理学
第四批,鲁东大学,历史学
第四批,鲁东大学,化学
第四批,山东轻工业学院,生物工程
第四批,潍坊学院,数学与应用数学
第四批,潍坊医学院,护理学
第四批,泰山医学院,护理学
第四批,滨州医学院,护理学
第四批,济宁医学院,临床医学
第四批,山东经济学院,信息管理与信息系统
第四批,山东财政学院,国际经济与贸易
第四批,山东工商学院,计算机科学与技术
第四批,郑州大学,预防医学
第四批,河南大学,教育学
第四批,河南科技大学,计算机科学与技术
第四批,河南理工大学,土木工程
第四批,河南理工大学,工商管理
第四批,河南工业大学,电子商务
第四批,河南农业大学,植物保护
第四批,河南师范大学,数学与应用数学
第四批,华北水利水电学院,水利水电工程
第四批,郑州轻工业学院,热能与动力工程
第四批,郑州航空工业管理学院,工业工程
第四批,中原工学院,建筑环境与设备工程
第四批,河南工程学院,安全工程
第四批,河南中医学院,针灸推拿学
第四批,新乡医学院,护理学
第四批,信阳师范学院,思想政治教育
第四批,南阳师范学院,生物科学
第四批,洛阳师范学院,物理学
第四批,商丘师范学院,数学与应用数学
第四批,安阳师范学院,计算机科学与技术
第四批,河南财经学院,会计学
第四批,黄淮学院,动画
第四批,河南科技学院,食品科学与工程
第四批,武汉大学,数学与应用数学
第四批,武汉大学,地理信息系统
第四批,武汉大学,计算机科学与技术
第四批,武汉大学,图书馆学
第四批,中南财经政法大学,金融学
第四批,华中科技大学,广播电视新闻学
第四批,华中科技大学,光信息科学与技术
第四批,华中科技大学,药学
第四批,华中科技大学,物流管理
第四批,　武汉理工大学,　轮机工程
第四批,武汉理工大学,船舶与海洋工程
第四批,中国地质大学(武汉),宝石及材料工艺学
第四批,中国地质大学(武汉),水文与水资源工程
第四批,华中农业大学,农业资源与环境
第四批,华中农业大学,动物医学
第四批,华中师范大学,历史学
第四批,华中师范大学,物理学
第四批,华中师范大学,体育教育
第四批,中南民族大学,电子信息工程
第四批,湖北大学,汉语言文学
第四批,长江大学,石油工程
第四批,江汉大学,美术学
第四批,三峡大学,医学影像学
第四批,武汉科技大学,自动化
第四批,武汉工程大学,过程装备与控制工程
第四批,武汉科技学院,轻化工程
第四批,武汉工业学院,包装工程
第四批,湖北汽车工业学院,机械设计制造及其自动化
第四批,郧阳医学院,护理学
第四批,黄冈师范学院,生物科学
第四批,孝感学院,生物科学
第四批,湖北经济学院,金融学
第四批,湖北美术学院,艺术设计
第四批,武汉音乐学院,音乐学
第四批,咸宁学院,生物医学工程
第四批,襄樊学院,地理科学
第四批,黄石理工学院,环境工程
第四批,中南大学,采矿工程
第四批,中南大学,冶金工程
第四批,中南大学,机械设计制造及其自动化
第四批,湖南大学,金融学
第四批,湖南大学,自动化
第四批,湖南大学,环境工程
第四批,湖南大学,软件工程
第四批,湘潭大学,计算机科学与技术
第四批,湘潭大学,旅游管理
第四批,湖南科技大学,安全工程
第四批,长沙理工大学,热能与动力工程
第四批,长沙理工大学,港口航道与海岸工程
第四批,南华大学,工商管理
第四批,湖南工业大学,机械设计制造及其自动化
第四批,湖南工业大学,艺术设计
第四批,湖南农业大学,食品科学与工程
第四批,湖南师范大学,数学与应用数学
第四批,湖南师范大学,历史学
第四批,湖南城市学院,城市规划
第四批,湖南工程学院,纺织工程
第四批,湖南理工学院,人力资源管理
第四批,湘南学院,应用化学
第四批,衡阳师范学院,物理学
第四批,湖南商学院,市场营销
第四批,湖南文理学院,汉语言文学
第四批,湖南人文科技学院,体育教育
第四批,邵阳学院,管理科学
第四批,中山大学,哲学
第四批,中山大学,人类学
第四批,中山大学,生物技术
第四批,华南理工大学,数学与应用数学
第四批,华南理工大学,材料科学与工程
第四批,华南理工大学,自动化
第四批,暨南大学,生物技术
第四批,暨南大学,临床医学
第四批,汕头大学,机械设计制造及其自动化
第四批,五邑大学,机械工程及自动化
第四批,广东工业大学,材料成型及控制工程
第四批,广东工业大学,土木工程
第四批,华南农业大学,动物医学
第四批,广东海洋大学,动物科学
第四批,南方医科大学,护理学
第四批,华南师范大学,思想政治教育
第四批,华南师范大学,地理科学
第四批,广东外语外贸大学,会计学
第四批,肇庆学院,体育教育
第四批,茂名学院,化学工程与工艺
第四批,东莞理工学院,电子信息工程
第四批,仲恺农业工程学院,园艺
第四批,惠州学院,服装设计与工程
第四批,韶关学院,机械设计制造及其自动化
第四批,嘉应学院,化学
第四批,韩山师范学院,化学
第四批,广东金融学院,金融学
第四批,广东商学院,金融学
第四批,广东警官学院,经济犯罪侦查
第四批,广东技术师范学院,装潢设计与工艺教育
第四批,广西大学,自动化
第四批,广西大学,工商管理
第四批,桂林,电子科技大学
第四批,机械设计制造及其自动化,桂林理工大学
第四批,广西医科大学,护理学
第四批,广西师范大学,历史学
第四批,广西师范大学,数学与应用数学
第四批,广西民族大学,档案学
第四批,广西工学院,自动化
第四批,广西中医学院,中医学
第四批,广西师范学院,地理信息系统
第四批,广西艺术学院,艺术设计
第四批,梧州学院,电子信息工程
第四批,海南大学,农学
第四批,海南师范大学,小学教育
第四批,海南医学院,药学
第四批,重庆大学,测控技术与仪器
第四批,重庆大学,工程管理
第四批,重庆大学,工商管理
第四批,重庆大学,城市规划
第四批,西南大学,思想政治教育
第四批,西南大学,英语
第四批,西南大学,农业资源与环境
第四批,重庆交通大学,港口航道与海岸工程
第四批,重庆邮电大学,计算机科学与技术
第四批,重庆理工大学,材料成型及控制工程
第四批,重庆医科大学,药学
第四批,重庆工商大学,国际经济与贸易
第四批,西南政法大学,行政管理
第四批,四川外语学院,俄语
第四批,四川美术学院,艺术设计
第四批,四川大学,英语
第四批,四川大学,化学
第四批,四川大学,计算机科学与技术
第四批,四川大学,护理学
第四批,西南交通大学,通信工程
第四批,西南交通大学,建筑学
第四批,西南交通大学,交通工程
第四批,电子科技大学,网络工程
第四批,电子科技大学,电磁场与无线技术
第四批,西南财经大学,法学
第四批,西南民族大学,汉语言文学
第四批,西南民族大学,旅游管理
第四批,成都理工大学,地质学
第四批,成都理工大学,地球化学
第四批,西华大学,车辆工程
第四批,西南科技大学,环境工程
第四批,西南科技大学,农学
第四批,四川农业大学,草业科学
第四批,成都中医药大学,中西医临床医学
第四批,四川师范大学,英语
第四批,四川师范大学,历史学
第四批,四川师范大学,地理科学
第四批,西华师范大学,物理学
第四批,西南石油大学,勘查技术与工程
第四批,西南石油大学,测控技术与仪器
第四批,四川理工学院,生物工程
第四批,成都信息工程学院,电子科学与技术
第四批,成都体育学院,民族传统体育
第四批,贵州大学,机械设计制造及其自动化
第四批,贵州大学,自动化
第四批,贵州师范大学,历史学
第四批,贵阳医学院,预防医学
第四批,遵义医学院,临床医学
第四批,贵阳中医学院,药物制剂
第四批,贵州财经学院,旅游管理
第四批,贵州民族学院,法学
第四批,云南大学,汉语言文学
第四批,云南大学,国际经济与贸易
第四批,昆明理工大学,矿物加工工程
第四批,昆明理工大学,信息管理与信息系统
第四批,云南农业大学,动物科学
第四批,云南师范大学,教育学
第四批,云南师范大学,艺术教育
第四批,西南林学院,木材科学与工程
第四批,昆明医学院,法医学
第四批,云南中医学院,中医学
第四批,曲靖师范学院,汉语言文学
第四批,云南警官学院,禁毒学
第四批,西藏大学,音乐学
第四批,西藏大学,动物科学
第四批,西安交通大学,过程装备与控制工程
第四批,西安交通大学,能源动力系统及自动化
第四批,西安交通大学,电气工程与自动化
第四批,西安交通大学,化学工程与工艺
第四批,长安大学,水文与水资源工程
第四批,长安大学,交通工程
第四批,西安,电子科技大学
第四批,西北农林科技大学,生物工程
第四批,西北农林科技大学,动物科学
第四批,陕西师范大学,思想政治教育
第四批,陕西师范大学,教育学
第四批,西北工业大学,飞行器动力工程
第四批,西北大学,汉语言文学
第四批,西北大学,考古学
第四批,延安大学,汉语言文学
第四批,西安理工大学,材料科学与工程
第四批,西安理工大学,电气工程及其自动化
第四批,西安建筑科技大学,建筑学
第四批,西安建筑科技大学,建筑环境与设备工程
第四批,西安科技大学,自动化
第四批,西安科技大学,土木工程
第四批,西安石油大学,资源勘查工程
第四批,西安工程大学,服装设计与工程
第四批,西安工业大学,机械设计制造及其自动化
第四批,西安外国语大学,法语
第四批,陕西科技大学,艺术设计
第四批,陕西中医学院,中医学
第四批,陕西理工学院,机械设计制造及其自动化
第四批,渭南师范学院,教育技术学
第四批,西安财经学院,财政学
第四批,西安美术学院,雕塑
第四批,兰州大学,物理学
第四批,兰州大学,生物科学
第四批,兰州大学,理论与应用力学
第四批,兰州大学,经济学
第四批,西北民族大学,汉语言
第四批,兰州理工大学,过程装备与控制工程
第四批,兰州理工大学,土木工程
第四批,兰州交通大学,自动化
第四批,兰州交通大学,车辆工程
第四批,甘肃农业大学,土地资源管理
第四批,西北师范大学,物理学
第四批,西北师范大学,历史学
第四批,甘肃中医学院,中西医临床医学
第四批,天水师范学院,小学教育
第四批,兰州商学院,会计学
第四批,青海大学,草业科学
第四批,青海师范大学,计算机科学与技术
第四批,青海民族大学,艺术设计
第四批,北方民族大学,信息与计算科学
第四批,宁夏大学,英语
第四批,宁夏医科大学,预防医学
第四批,新疆大学,土木工程
第四批,石河子大学,农业机械化及其自动化
第四批,石河子大学,临床医学
第四批,新疆农业大学,种子科学与工程
第四批,塔里木大学,生物技术
第四批,新疆医科大学,临床医学
第四批,新疆师范大学,美术学
第四批,新疆财经大学,会计学
第四批,　,　
第三批,北京大学,汉语言文学
第三批,北京大学,世界历史
第三批,北京大学,考古学
第三批,北京大学,预防医学
第三批,中国人民大学,财政学
第三批,中国人民大学,统计学
第三批,中国人民大学,档案学
第三批,北京联合大学,机械工程及自动化
第三批,北京联合大学,资源环境与城乡规划管理
第三批,中华女子学院,学前教育
第三批,清华大学,英语
第三批,清华大学,物理学
第三批,清华大学,车辆工程
第三批,清华大学,建筑环境与设备工程
第三批,北京交通大学,计算机科学与技术
第三批,北京交通大学,土木工程
第三批,北京工业大学,材料科学与工程
第三批,北京航空航天大学,机械工程及自动化
第三批,北京理工大学,车辆工程
第三批,北京理工大学,信息对抗技术
第三批,北京科技大学,矿物资源工程
第三批,北方工业大学,自动化
第三批,北京化工大学,过程装备与控制工程
第三批,北京化工大学,生物工程
第三批,北京邮电大学,电子科学与技术
第三批,北京信息科技大学,车辆工程
第三批,中国矿业大学,(北京校区)
第三批,机械工程及自动化,中国矿业大学
第三批,中国石油大学(北京),机械设计制造及其自动化
第三批,中国地质大学(北京),地球物理学
第三批,中国地质大学(北京),地下水科学与工程
第三批,北京电子科技学院,电子信息工程
第三批,中国农业大学,食品质量与安全
第三批,中国农业大学,农林经济管理
第三批,北京农学院,园艺
第三批,北京林业大学,生物科学
第三批,首都医科大学,生物医学工程
第三批,北京中医药大学,针灸推拿学
第三批,北京师范大学,国际经济与贸易
第三批,北京师范大学,影视学
第三批,北京师范大学,地理科学
第三批,北京师范大学,体育教育
第三批,首都师范大学,地理信息系统
第三批,北京外国语大学,俄语
第三批,北京外国语大学,日语
第三批,北京语言大学,汉语言
第三批,北京语言大学,英语
第三批,北京语言大学,汉语言文学
第三批,中国传媒大学,广播电视编导
第三批,中国传媒大学,广播电视工程
第三批,中国青年政治学院,思想政治教育
第三批,对外经济贸易大学,市场营销
第三批,中央财经大学,市场营销
第三批,北京工商大学,金融学
第三批,北京物资学院,经济学
第三批,中国人民公安大学,安全防范工程
第三批,中国政法大学,政治学与行政学
第三批,外交学院,英语
第三批,国际关系学院,传播学
第三批,中国劳动关系学院,劳动关系
第三批,北京体育大学,体育教育
第三批,首都体育学院,体育教育
第三批,中央音乐学院,音乐学
第三批,中国音乐学院,音乐表演
第三批,中央美术学院,中国画
第三批,中央戏剧学院,戏剧影视文学
第三批,中国戏曲学院,表演
第三批,北京电影学院,摄影
第三批,中央民族大学,宗教学
第三批,南开大学,哲学
第三批,南开大学,历史学
第三批,南开大学,化学
第三批,天津大学,材料科学与工程
第三批,天津大学,机械设计制造及其自动化
第三批,天津大学,土木工程
第三批,天津大学,制药工程
第三批,天津大学,船舶与海洋工程
第三批,天津科技大学,包装工程
第三批,天津工业大学,材料科学与工程
第三批,中国民航大学,飞行器动力工程
第三批,天津理工大学,材料物理
第三批,天津城市建设学院,土木工程
第三批,天津中医药大学,中药学
第三批,天津师范大学,小学教育
第三批,天津外国语学院,英语
第三批,天津商业大学,热能与动力工程
第三批,天津财经大学,金融学
第三批,河北大学,汉语言文学
第三批,河北大学,光信息科学与技术
第三批,河北北方学院,药学
第三批,华北电力大学,核工程与核技术
第三批,华北电力大学,自动化
第三批,华北电力大学,工商管理
第三批,河北工业大学,金属材料工程
第三批,河北工业大学,化学工程与工艺
第三批,河北理工大学,机械设计制造及其自动化
第三批,河北科技大学,环境工程
第三批,河北科技大学,化学工程与工艺
第三批,河北工程大学,建筑学
第三批,河北建筑工程学院,土木工程
第三批,石家庄铁道学院,机械设计制造及其自动化
第三批,燕山大学,金属材料工程
第三批,燕山大学,旅游管理
第三批,防灾科技学院,勘查技术与工程
第三批,河北农业大学,农学
第三批,河北农业大学,植物保护
第三批,河北医科大学,药学
第三批,华北煤炭医学院,康复治疗学
第三批,河北师范大学,历史学
第三批,河北师范大学,体育教育
第三批,河北经贸大学,法学
第三批,石家庄经济学院,工商管理
第三批,中央司法警官学院,教育学
第三批,中国人民武装警察部队学院,边防管理
第三批,山西大学,生物科学
第三批,太原科技大学,机械设计制造及其自动化
第三批,中北大学,测控技术与仪器
第三批,太原理工大学,材料成型及控制工程
第三批,山西农业大学,农学
第三批,山西医科大学,法医学
第三批,长治医学院,护理学
第三批,山西师范大学,化学
第三批,山西大同大学,物理学
第三批,太原师范学院,地理科学
第三批,山西财经大学,会计学
第三批,内蒙古大学,中国少数民族语言文学
第三批,内蒙古大学,物理学
第三批,内蒙古科技大学,自动化
第三批,内蒙古科技大学,预防医学
第三批,内蒙古工业大学,化学工程与工艺
第三批,内蒙古农业大学,动物科学
第三批,内蒙古师范大学,美术学
第三批,内蒙古民族大学,化学
第三批,<,辽宁大学
第三批,大连大学,小学教育
第三批,大连理工大学,过程装备与控制工程
第三批,大连理工大学,化学工程与工艺
第三批,大连理工大学,船舶与海洋工程
第三批,沈阳工业大学,材料成型及控制工程
第三批,东北大学,材料科学与工程
第三批,东北大学,机械工程及自动化
第三批,东北大学,计算机科学与技术
第三批,辽宁科技大学,热能与动力工程
第三批,辽宁工程技术大学,工程力学
第三批,辽宁工程技术大学,软件工程
第三批,辽宁石油化工大学,化学工程与工艺
第三批,大连交通大学,车辆工程
第三批,大连海事大学,电子信息工程
第三批,大连海事大学,电气工程及其自动化
第三批,大连工业大学,食品科学与工程
第三批,沈阳建筑大学,土木工程
第三批,辽宁工业大学,材料科学与工程
第三批,沈阳航空工业学院,工业设计
第三批,沈阳化工学院,过程装备与控制工程
第三批,沈阳农业大学,植物保护
第三批,大连水产学院,港口航道与海岸工程
第三批,中国医科大学,法医学
第三批,大连医科大学,医学检验
第三批,沈阳药科大学,制药工程
第三批,辽宁中医药大学,中药学
第三批,辽宁师范大学,生物科学
第三批,辽宁师范大学,思想政治教育
第三批,大连外国语学院,日语
第三批,东北财经大学,财政学
第三批,中国刑事警察学院,刑事科学技术
第三批,沈阳体育学院,运动训练
第三批,大连民族学院,日语
第三批,吉林大学,汉语言文学
第三批,吉林大学,数学与应用数学
第三批,吉林大学,物理学
第三批,吉林大学,勘查技术与工程
第三批,吉林大学,机械工程及自动化
第三批,吉林大学,制药工程
第三批,延边大学,汉语言
第三批,长春大学,机械工程及自动化
第三批,长春工业大学,机械工程及自动化
第三批,吉林建筑工程学院,建筑学
第三批,吉林化工学院,过程装备与控制工程
第三批,长春工程学院,机械设计制造及其自动化
第三批,东北师范大学,小学教育
第三批,东北师范大学,物理学
第三批,北华大学,机械类
第三批,通化师范学院,物理学
第三批,吉林工程技术师范学院,市场营销
第三批,长春师范学院,历史学
第三批,白城师范学院,生物科学
第三批,吉林华桥外国语学院,英语
第三批,吉林体育学院,体育教育
第三批,吉林艺术学院,艺术设计
第三批,黑龙江大学,汉语言文学
第三批,哈尔滨学院,小学教育
第三批,黑河学院,俄语
第三批,哈尔滨工业大学,电气工程及其自动化
第三批,哈尔滨工业大学,化学工程与工艺
第三批,哈尔滨工业大学,工程管理
第三批,哈尔滨工业大学,数学与应用数学
第三批,哈尔滨工业大学,测控技术与仪器
第三批,哈尔滨工程大学,自动化
第三批,哈尔滨理工大学,高分子材料与工程
第三批,大庆石油学院,油气储运工程
第三批,黑龙江工程学院,测绘工程
第三批,黑龙江八一农垦大学,动物医学
第三批,东北农业大学,园艺
第三批,东北林业大学,野生动物与自然保护区管理
第三批,东北林业大学,林产化工
第三批,哈尔滨医科大学,麻醉学
第三批,哈尔滨师范大学,教育学
第三批,哈尔滨师范大学,地理科学
第三批,牡丹江师范学院,思想政治教育
第三批,大庆师范学院,学前教育
第三批,绥化学院,数学与应用数学
第三批,哈尔滨商业大学,商品学
第三批,哈尔滨商业大学,制药工程
第三批,复旦大学,哲学
第三批,复旦大学,物理学
第三批,复旦大学,基础医学
第三批,上海大学,美术学
第三批,上海杉达学院,国际经济与贸易
第三批,同济大学,工业设计
第三批,同济大学,计算机科学与技术
第三批,同济大学,交通工程
第三批,同济大学,工程管理
第三批,同济大学,德语
第三批,上海交通大学,计算机科学与技术
第三批,上海交通大学,生物医学工程
第三批,上海交通大学,电气工程与自动化
第三批,上海交通大学,土木工程
第三批,华东理工大学,高分子材料与工程
第三批,华东理工大学,生物工程
第三批,上海理工大学,热能与动力工程
第三批,上海海事大学,机械设计制造及其自动化
第三批,东华大学,轻化工程
第三批,东华大学,信息管理与信息系统
第三批,上海应用技术学院,材料科学与工程
第三批,上海第二工业大学,机械工程及自动化
第三批,上海海洋大学,生物科学
第三批,上海中医药大学,中药学
第三批,华东师范大学,化学
第三批,华东师范大学,生物科学
第三批,上海外国语大学,英语
第三批,上海财经大学,国际经济与贸易
第三批,上海对外贸易学院,英语
第三批,上海海关学院,税务
第三批,上海立信会计学院,会计学
第三批,上海金融学院,金融学
第三批,华东政法大学,法学
第三批,上海体育学院,运动人体科学
第三批,南京大学,英语
第三批,南京大学,物理学
第三批,南京大学,大气科学
第三批,苏州大学,纺织工程
第三批,苏州大学,档案学
第三批,南通大学,电气工程及其自动化
第三批,南通大学,英语
第三批,扬州大学,化学
第三批,扬州大学,数学与应用数学
第三批,东南大学,电气工程及其自动化
第三批,东南大学,计算机科学与技术
第三批,东南大学,生物医学工程
第三批,南京航空航天大学,机械工程及自动化
第三批,南京航空航天大学,电气工程与自动化
第三批,南京理工大学,电子信息工程
第三批,南京理工大学,化学工程与工艺
第三批,江苏科技大学,焊接技术与工程
第三批,中国矿业大学,土木工程
第三批,中国矿业大学,工程力学
第三批,中国矿业大学,环境工程
第三批,南京工业大学,化学工程与工艺
第三批,南京邮电大学,电子信息工程
第三批,河海大学,计算机科学与技术
第三批,河海大学,电气工程及其自动化
第三批,江南大学,工业设计
第三批,江南大学,纺织工程
第三批,江苏大学,电气工程及其自动化
第三批,南京信息工程大学,应用气象学
第三批,江苏工业学院,高分子材料与工程
第三批,盐城工学院,材料科学与工程
第三批,苏州科技学院,土木工程
第三批,常熟理工学院,自动化
第三批,金陵科技学院,会计学
第三批,南京工程学院,热能与动力工程
第三批,南京农业大学,农业资源与环境
第三批,南京农业大学,土地资源管理
第三批,南京农业大学,动物科学
第三批,南京林业大学,木材科学与工程
第三批,南京医科大学,临床医学
第三批,南京中医药大学,护理学
第三批,中国药科大学,中药学
第三批,中国药科大学,药物制剂
第三批,徐州医学院,药学
第三批,南京师范大学,动画
第三批,南京师范大学,生物科学
第三批,徐州师范大学,数学与应用数学
第三批,盐城师范学院,英语
第三批,南京晓庄学院,小学教育
第三批,江苏技术师范学院,机械设计制造及其自动化
第三批,南京财经大学,统计学
第三批,南京审计学院,金融学
第三批,江苏警官学院,刑事科学技术
第三批,南京体育学院,运动训练
第三批,南京艺术学院,绘画
第三批,浙江大学,汉语言文学
第三批,浙江大学,数学与应用数学
第三批,浙江大学,生物科学
第三批,浙江大学,机械电子工程
第三批,浙江大学,自动化
第三批,浙江大学,化学工程与工艺
第三批,浙江大学,教育学
第三批,宁波大学,英语
第三批,宁波大学,计算机科学与技术
第三批,杭州,电子科技大学
第三批,会计学,杭州
第三批,浙江工业大学,国际经济与贸易
第三批,浙江工业大学,机械工程及自动化
第三批,浙江理工大学,机械设计制造及其自动化
第三批,浙江理工大学,艺术设计
第三批,浙江科技学院,土木工程
第三批,浙江林学院,林学
第三批,温州医学院,眼视光学
第三批,浙江师范大学,物理学
第三批,杭州师范大学,生物科学
第三批,杭州师范大学,小学教育
第三批,湖州师范学院,数学与应用数学
第三批,绍兴文理学院,生物科学
第三批,台州学院,汉语言文学
第三批,浙江传媒学院,播音与主持艺术
第三批,浙江工商大学,工商管理
第三批,浙江工商大学,食品质量与安全
第三批,中国美术学院,艺术设计
第三批,浙江万里学院,新闻学
第三批,浙江万里学院,生物技术
第三批,安徽大学,英语
第三批,安徽大学,考古学
第三批,安徽大学,生物科学
第三批,皖西学院,数学与应用数学
第三批,合肥学院,生物工程
第三批,中国科学技术大学,化学
第三批,合肥工业大学,资源勘查工程
第三批,合肥工业大学,电气工程及其自动化
第三批,合肥工业大学,测控技术与仪器
第三批,安徽工业大学,材料成型及控制工程
第三批,安徽工业大学,测控技术与仪器
第三批,安徽理工大学,弹药工程与爆炸技术
第三批,安徽理工大学,采矿工程
第三批,安徽工程科技学院,自动化
第三批,安徽建筑工业学院,城市规划
第三批,安徽农业大学,木材科学与工程
第三批,安徽医科大学,药学
第三批,安徽中医学院,针灸推拿学
第三批,安徽师范大学,教育学
第三批,安徽师范大学,经费自筹
第三批,安徽师范大学,化学
第三批,安庆师范学院,表演
第三批,安庆师范学院,化学
第三批,淮北煤炭师范学院,数学与应用数学
第三批,淮北煤炭师范学院,汉语言文学
第三批,黄山学院,旅游管理
第三批,安徽财经大学,会计学
第三批,安徽财经大学,财政学
第三批,集美大学,财政学
第三批,福州大学,车辆工程
第三批,厦门大学,法学
第三批,厦门大学,历史学
第三批,厦门大学,海洋科学
第三批,华侨大学,土木工程
第三批,福州大学,资源勘查工程
第三批,福建工程学院,土木工程
第三批,福建农林大学,植物保护
第三批,福建医科大学,临床医学
第三批,福建中医学院,中医学
第三批,福建中医学院,针灸推拿学
第三批,福建师范大学,英语
第三批,福建师范大学,物理学
第三批,南昌大学,通信工程
第三批,南昌大学,医学影像学
第三批,华东交通大学,给水排水工程
第三批,东华理工大学,水文与水资源工程
第三批,南昌航空大学,电子信息工程
第三批,江西理工大学,机械工程及自动化
第三批,江西农业大学,林学
第三批,江西中医学院,中药学
第三批,赣南医学院,临床医学
第三批,江西师范大学,英语
第三批,井冈山大学,汉语言文学
第三批,赣南师范学院,历史学
第三批,江西科技师范学院,应用化学
第三批,江西财经大学,市场营销
第三批,山东大学,英语
第三批,山东大学,机械设计制造及其自动化
第三批,山东大学,材料成型及控制工程
第三批,山东大学,工商管理
第三批,中国海洋大学,港口航道与海岸工程
第三批,中国海洋大学,会计学
第三批,济南大学,计算机科学与技术
第三批,烟台大学,应用物理学
第三批,青岛大学,纺织工程
第三批,青岛大学,临床医学
第三批,中国石油大学(华东),应用化学
第三批,中国石油大学(华东),勘查技术与工程
第三批,中国石油大学(华东),应用物理学
第三批,青岛科技大学,高分子材料与工程
第三批,青岛理工大学,机械设计制造及其自动化
第三批,山东理工大学,机械设计制造及其自动化
第三批,山东科技大学,自动化
第三批,山东科技大学,土木工程
第三批,山东建筑大学,电气工程与自动化
第三批,山东轻工业学院,无机非金属材料工程
第三批,山东农业大学,植物科学与技术
第三批,青岛农业大学,食品科学与工程
第三批,山东中医药大学,针灸推拿学
第三批,潍坊医学院,公共事业管理
第三批,泰山医学院,临床医学
第三批,滨州医学院,临床医学
第三批,济宁医学院,预防医学
第三批,山东师范大学,物理学
第三批,山东师范大学,汉语言文学
第三批,曲阜师范大学,教育学
第三批,聊城大学,思想政治教育
第三批,鲁东大学,汉语言
第三批,临沂师范学院,数学与应用数学
第三批,山东经济学院,国际经济与贸易
第三批,山东财政学院,会计学
第三批,山东艺术学院,绘画
第三批,山东工艺美术学院,动画
第三批,郑州大学,历史学
第三批,郑州大学,物理学
第三批,郑州大学,材料科学与工程
第三批,郑州大学,行政管理
第三批,河南理工大学,机械设计制造及其自动化
第三批,河南理工大学,电气工程及其自动化
第三批,河南工业大学,土木工程
第三批,河南科技大学,材料成型及控制工程
第三批,河南科技大学,车辆工程
第三批,华北水利水电学院,地质工程
第三批,郑州轻工业学院,食品科学与工程
第三批,中原工学院,机械设计制造及其自动化
第三批,河南科技学院,农学
第三批,河南农业大学,农业建筑环境与能源工程
第三批,河南农业大学,园林
第三批,河南中医学院,中医学
第三批,新乡医学院,医学检验
第三批,河南大学,汉语言文学
第三批,河南大学,生物科学
第三批,河南师范大学,化学
第三批,信阳师范学院,数学与应用数学
第三批,河南财经学院,工商管理
第三批,郑州航空工业管理学院,会计学
第三批,武汉大学,哲学
第三批,武汉大学,汉语言文学
第三批,武汉大学,化学
第三批,武汉大学,电子信息科学与技术
第三批,长江大学,勘查技术与工程
第三批,长江大学,农学
第三批,湖北大学,物理学
第三批,湖北大学,生物科学
第三批,江汉大学,材料成型及控制工程
第三批,三峡大学,机械设计制造及其自动化
第三批,孝感学院,化学
第三批,华中科技大学,生物技术
第三批,华中科技大学,材料成型及控制工程
第三批,华中科技大学,自动化
第三批,华中科技大学,通信工程
第三批,中国地质大学(武汉),地球物理学
第三批,中国地质大学(武汉),勘查技术与工程
第三批,武汉理工大学,矿物加工工程
第三批,武汉理工大学,工业设计
第三批,武汉理工大学,机械工程及自动化
第三批,湖北工业大学,测控技术与仪器
第三批,武汉科技大学,冶金工程
第三批,武汉工程大学,制药工程
第三批,武汉科技学院,纺织工程
第三批,武汉工业学院,动物科学
第三批,华中农业大学,食品科学与工程
第三批,华中农业大学,生物工程
第三批,湖北中医学院,针灸推拿学
第三批,咸宁学院,药学
第三批,华中师范大学,汉语言文学
第三批,华中师范大学,数学与应用数学
第三批,湖北师范学院,化学
第三批,黄冈师范学院,教育技术学
第三批,襄樊学院,物理学
第三批,中南财经政法大学,会计学
第三批,湖北经济学院,市场营销
第三批,湖北警官学院,侦查学
第三批,武汉体育学院,体育教育
第三批,中南民族大学,生物技术
第三批,湖北民族学院,数学与应用数学
第三批,湘潭大学,材料物理
第三批,湘潭大学,行政管理
第三批,吉首大学,生物科学
第三批,南华大学,矿物资源工程
第三批,南华大学,预防医学
第三批,湖南大学,国际经济与贸易
第三批,湖南大学,化学
第三批,中南大学,应用化学
第三批,中南大学,自动化
第三批,中南大学,精神医学
第三批,中南大学,计算机科学与技术
第三批,中南大学,交通运输
第三批,湖南科技大学,经济学
第三批,湖南科技大学,勘查技术与工程
第三批,长沙理工大学,电气工程及其自动化
第三批,长沙理工大学,会计学
第三批,湖南工业大学,自动化
第三批,湖南农业大学,生物技术
第三批,湖南农业大学,茶学
第三批,中南林业科技大学,资源环境与城乡规划管理
第三批,湖南中医药大学,针灸推拿学
第三批,湖南师范大学,思想政治教育
第三批,湖南师范大学,化学
第三批,邵阳学院,热能与动力工程
第三批,中山大学,历史学
第三批,中山大学,预防医学
第三批,中山大学,会计学
第三批,暨南大学,经济学类
第三批,暨南大学,工商管理类
第三批,汕头大学,法学
第三批,汕头大学,临床医学
第三批,广州大学,给水排水工程
第三批,深圳大学,工商管理
第三批,华南理工大学,计算机科学与技术
第三批,华南理工大学,信息工程
第三批,华南理工大学,建筑学
第三批,广东工业大学,化学工程与工艺
第三批,佛山科学技术学院,动物医学
第三批,华南农业大学,农学
第三批,华南农业大学,园艺
第三批,广东海洋大学,水产养殖学
第三批,广州中医药大学,制药工程
第三批,南方医科大学,预防医学
第三批,南方医科大学,中医学
第三批,广州医学院,医学检验
第三批,广东医学院,护理学
第三批,广东药学院,预防医学
第三批,华南师范大学,英语
第三批,华南师范大学,物理学
第三批,湛江师范学院,汉语言文学
第三批,广东外语外贸大学,国际经济与贸易
第三批,广东外语外贸大学,市场营销
第三批,广东商学院,法学
第三批,广州体育学院,运动人体科学
第三批,广州美术学院,绘画
第三批,星海音乐学院,音乐学
第三批,星海音乐学院,音乐表演
第三批,广西大学,轻化工程
第三批,广西大学,木材科学与工程
第三批,广西工学院,土木工程
第三批,桂林,电子科技大学
第三批,桂林工学院,化学工程与工艺
第三批,广西医科大学,预防医学
第三批,广西医科大学,口腔医学
第三批,广西师范大学,思想政治教育
第三批,广西师范大学,化学
第三批,广西师范学院,土地资源管理
第三批,广西财经学院,国际经济与贸易
第三批,广西艺术学院,广告学
第三批,广西民族大学,民族学
第三批,海南大学,法学
第三批,海南大学,植物保护
第三批,海南大学,农林经济管理
第三批,西南大学,化学
第三批,西南大学,食品科学与工程
第三批,西南大学,农学
第三批,西南大学,农林经济管理
第三批,重庆三峡学院,信息与计算科学
第三批,重庆大学,热能与动力工程
第三批,重庆大学,电子信息工程
第三批,重庆大学,土木工程
第三批,重庆大学,生物工程
第三批,重庆邮电大学,自动化
第三批,重庆科技学院,石油工程
第三批,重庆医科大学,医学检验
第三批,重庆师范大学,旅游管理
第三批,重庆文理学院,园林
第三批,长江师范学院,思想政治教育
第三批,西南政法大学,侦查学
第三批,四川大学,历史学
第三批,四川大学,生物科学
第三批,四川大学,高分子材料与工程
第三批,四川大学,药学
第三批,四川大学,机械设计制造及其自动化
第三批,四川大学,水文与水资源工程
第三批,西南交通大学,机械设计制造及其自动化
第三批,西南交通大学,土木工程
第三批,西南交通大学,工程力学
第三批,电子科技大学,测控技术与仪器
第三批,电子科技大学,计算机科学与技术
第三批,电子科技大学,信息显示与光电技术
第三批,成都理工大学,数学与应用数学
第三批,成都理工大学,土木工程
第三批,西南科技大学,自动化
第三批,西华大学,热能与动力工程
第三批,西南石油大学,资源勘查工程
第三批,西南石油大学,油气储运工程
第三批,成都信息工程学院,通信工程
第三批,成都信息工程学院,大气科学
第三批,四川理工学院,过程装备与控制工程
第三批,中国民用航空飞行学院,交通运输
第三批,四川农业大学,园艺
第三批,四川农业大学,农业资源与环境
第三批,成都中医药大学,中医学
第三批,成都中医药大学,针灸推拿学
第三批,泸州医学院,临床医学
第三批,四川师范大学,教育学
第三批,四川师范大学,化学
第三批,四川师范大学,工商管理
第三批,西华师范大学,思想政治教育
第三批,西南财经大学,统计学
第三批,西南财经大学,保险
第三批,成都体育学院,体育教育
第三批,四川音乐学院,音乐表演
第三批,西南民族大学,动物科学
第三批,西南民族大学,法学
第三批,贵州大学,汉语言文学
第三批,贵州大学,电子科学与技术
第三批,贵阳医学院,药学
第三批,遵义医学院,麻醉学
第三批,贵阳中医学院,针灸推拿学
第三批,贵州师范大学,思想政治教育
第三批,贵州财经学院,会计学
第三批,贵州民族学院,社会学
第三批,云南大学,计算机科学与技术
第三批,云南大学,公共事业管理
第三批,昆明理工大学,机械工程及自动化
第三批,云南农业大学,植物保护
第三批,昆明医学院,口腔医学
第三批,大理学院,药学
第三批,云南师范大学,物理学
第三批,云南师范大学,思想政治教育
第三批,云南财经大学,市场营销
第三批,云南艺术学院,作曲与作曲技术理论
第三批,云南民族大学,民族学
第三批,西藏大学,临床医学
第三批,西藏民族学院,汉语言文学
第三批,西北大学,历史学
第三批,西北大学,物理学
第三批,西北大学,中药学
第三批,延安大学,生物科学
第三批,西安交通大学,工业设计
第三批,西安交通大学,机械工程及自动化
第三批,西安交通大学,测控技术与仪器
第三批,西北工业大学,飞行器设计与工程
第三批,西安理工大学,机械设计制造及其自动化
第三批,西安理工大学,电子科学与技术
第三批,西安,电子科技大学
第三批,计算机科学与技术,西安
第三批,西安建筑科技大学,土木工程
第三批,西安建筑科技大学,工程管理
第三批,西安科技大学,地质工程
第三批,西安石油大学,计算机科学与技术
第三批,长安大学,资源勘查工程
第三批,长安大学,土木工程
第三批,陕西科技大学,应用化学
第三批,西安工业大学,金属材料工程
第三批,西安工程大学,轻化工程
第三批,陕西理工学院,物理学
第三批,西北农林科技大学,林学
第三批,西北农林科技大学,动物医学
第三批,陕西师范大学,历史学
第三批,陕西师范大学,地理科学
第三批,西安外国语大学,俄语
第三批,西安财经学院,统计学
第三批,西北政法大学,哲学
第三批,西安体育学院,运动人体科学
第三批,西安美术学院,艺术设计
第三批,兰州大学,化学
第三批,兰州大学,地理科学
第三批,兰州大学,数学与应用数学
第三批,兰州理工大学,机械设计制造及其自动化
第三批,兰州交通大学,交通运输
第三批,兰州交通大学,给水排水工程
第三批,甘肃农业大学,水土保持与荒漠化防治
第三批,甘肃中医学院,中草药栽培与鉴定
第三批,西北师范大学,汉语言文学
第三批,西北师范大学,地理科学
第三批,天水师范学院,汉语言文学
第三批,河西学院,种子科学与工程
第三批,甘肃政法学院,侦查学
第三批,西北民族大学,社会学
第三批,青海大学,资源勘查工程
第三批,青海民族学院,旅游管理
第三批,宁夏大学,汉语言文学
第三批,宁夏医学院,中医学
第三批,北方民族大学,生物工程
第三批,北方民族大学,国际经济与贸易
第三批,新疆大学,数学与应用数学
第三批,新疆大学,电气工程及其自动化
第三批,塔里木大学,农学
第三批,新疆农业大学,动物科学
第三批,新疆医科大学,药学
第三批,新疆财经大学,金融学
第三批,　,　
第二批,北京大学,哲学
第二批,北京大学,信息与计算科学
第二批,北京大学,化学
第二批,北京大学,生物科学
第二批,北京大学,药学
第二批,北京大学,智能科学与技术
第二批,北京大学,保险
第二批,北京大学,城市管理
第二批,中国人民大学,哲学
第二批,中国人民大学,经济学
第二批,中国人民大学,社会学
第二批,清华大学,化学
第二批,清华大学,自动化
第二批,清华大学,机械工程及自动化
第二批,清华大学,能源动力系统及自动化
第二批,清华大学,建筑学
第二批,清华大学,化学工程与工业生物工程
第二批,清华大学,数学与应用数学
第二批,清华大学,工程管理
第二批,北京交通大学,交通运输
第二批,北京交通大学,机械工程及自动化
第二批,北京交通大学,经济学
第二批,北京工业大学,机械工程及自动化
第二批,北京航空航天大学,飞行器设计与工程
第二批,北京航空航天大学,飞行器动力工程
第二批,北京航空航天大学,数学与应用数学
第二批,北京理工大学,安全工程
第二批,北京理工大学,地面武器机动工程
第二批,北京科技大学,材料科学与工程
第二批,北京科技大学,冶金工程
第二批,北京科技大学,计算机科学与技术
第二批,北京化工大学,化学工程与工艺
第二批,北京化工大学,高分子材料与工程
第二批,北京邮电大学,计算机科学与技术
第二批,北京邮电大学,电子商务
第二批,华北电力大学,热能与动力工程
第二批,华北电力大学,电气工程及其自动化
第二批,中国矿业大学,（北京校区）
第二批,中国矿业大学,（北京校区）
第二批,矿物加工工程,中国石油大学（北京）
第二批,中国石油大学（北京）,地质工程
第二批,中国石油大学（北京）,市场营销
第二批,中国石油大学（北京）,地质学
第二批,中国石油大学（北京）,勘查技术与工程
第二批,中国农业大学,环境科学类
第二批,中国农业大学,化学
第二批,中国农业大学,农业建筑环境与能源工程
第二批,北京林业大学,木材科学与工程
第二批,北京林业大学,水土保持与荒漠化防治
第二批,首都医科大学,护理学
第二批,北京中医药大学,中药学
第二批,北京中医药大学,公共事业管理
第二批,北京师范大学,历史学
第二批,北京师范大学,生物科学与生物技术
第二批,北京师范大学,心理学
第二批,北京师范大学,天文学
第二批,首都师范大学,数学与应用数学
第二批,北京外国语大学,英语
第二批,北京外国语大学,德语
第二批,北京语言大学,对外汉语
第二批,中国传媒大学,新闻学
第二批,中国传媒大学,播音与主持艺术
第二批,对外经济贸易大学,金融学
第二批,对外经济贸易大学,会计学
第二批,首都经济贸易大学,劳动与社会保障
第二批,中国人民公安大学,治安学
第二批,中国政法大学,法学
第二批,北京体育大学,运动训练
第二批,中央民族大学,民族学
第二批,中央民族大学,中国少数民族语言文学
第二批,北京服装学院,艺术设计
第二批,北京印刷学院,印刷工程
第二批,北京建筑工程学院,建筑学
第二批,北京石油化工学院,化学工程与工艺
第二批,北京电子科技学院,信息安全
第二批,北京第二外国语学院,日语
第二批,中央财经大学,金融学
第二批,中央财经大学,会计学
第二批,中央财经大学,财政学
第二批,外交学院,外交学
第二批,国际关系学院,法学
第二批,中央音乐学院,音乐表演
第二批,中央美术学院,雕塑
第二批,中央戏剧学院,表演
第二批,北京舞蹈学院,舞蹈编导
第二批,北京信息工程学院,电子信息工程
第二批,中国青年政治学院,社会工作
第二批,中华女子学院,社会工作
第二批,中国劳动关系学院,法学
第二批,南开大学,中国语言文学类
第二批,南开大学,经济学
第二批,南开大学,生物技术
第二批,南开大学,软件工程
第二批,南开大学,人力资源管理
第二批,天津大学,化学工程与工艺
第二批,天津大学,建筑学
第二批,天津大学,测控技术与仪器
第二批,天津大学,工程管理
第二批,天津大学,电气工程及其自动化
第二批,天津大学,数学与应用数学
第二批,天津科技大学,食品科学与工程
第二批,天津工业大学,纺织工程
第二批,中国民航大学,交通运输
第二批,天津理工大学,计算机科学与技术
第二批,天津医科大学,药学
第二批,天津师范大学,应用心理学
第二批,天津商业大学,旅游管理
第二批,天津财经大学,会计学
第二批,天津农学院,水产养殖学
第二批,天津中医药大学,中医学
第二批,天津工程师范学院,自动化
第二批,天津外国语学院,日语
第二批,天津体育学院,社会体育
第二批,天津音乐学院,音乐学
第二批,河北大学,教育学
第二批,河北工业大学,机械设计制造及其自动化
第二批,河北理工大学,冶金工程
第二批,河北理工大学,金属材料工程
第二批,河北科技大学,金属材料工程
第二批,河北农业大学,林学
第二批,河北农业大学,园林
第二批,河北医科大学,临床医学
第二批,河北师范大学,生物科学
第二批,河北经贸大学,会计学
第二批,河北工程大学,资源勘查工程
第二批,石家庄铁道学院,土木工程
第二批,燕山大学,机械设计制造及其自动化
第二批,华北科技学院,采矿工程
第二批,防灾科技学院,地球物理学
第二批,华北煤炭医学院,临床医学
第二批,石家庄经济学院,资源勘查工程
第二批,河北金融学院,金融学
第二批,中央司法警官学院,监狱学
第二批,中国人民武装警察部队学院,消防工程
第二批,山西大学,物理学
第二批,太原科技大学,材料成型及控制工程
第二批,中北大学,电子信息工程
第二批,太原理工大学,机械设计制造及其自动化
第二批,山西农业大学,动物医学
第二批,山西医科大学,临床医学
第二批,山西师范大学,生物科学
第二批,山西财经大学,金融学
第二批,长治医学院,临床医学
第二批,山西中医学院,中医学
第二批,忻州师范学院,数学与应用数学
第二批,内蒙古大学,数学与应用数学
第二批,内蒙古大学,生物科学
第二批,内蒙古科技大学,冶金工程
第二批,内蒙古科技大学,采矿工程
第二批,内蒙古工业大学,热能与动力工程
第二批,内蒙古农业大学,草业科学
第二批,内蒙古师范大学,汉语言文学
第二批,内蒙古医学院,蒙医学
第二批,内蒙古医学院,中药学
第二批,内蒙古财经学院,会计学
第二批,辽宁大学,经济学
第二批,大连大学,护理学
第二批,大连理工大学,机械设计制造及其自动化
第二批,大连理工大学,电子信息工程
第二批,大连理工大学,建筑学
第二批,大连理工大学,土木工程
第二批,大连理工大学,信息与计算科学
第二批,大连理工大学,应用物理学
第二批,沈阳工业大学,电气工程及其自动化
第二批,沈阳理工大学,探测制导与控制技术
第二批,东北大学,冶金工程
第二批,东北大学,自动化
第二批,东北大学,公共事业管理
第二批,东北大学,软件工程
第二批,辽宁科技大学,冶金工程
第二批,辽宁工程技术大学,测绘工程
第二批,大连交通大学,机械工程及自动化
第二批,大连海事大学,航海技术
第二批,大连海事大学,轮机工程
第二批,大连工业大学,服装设计与工程
第二批,沈阳建筑大学,建筑学
第二批,辽宁工业大学,车辆工程
第二批,中国医科大学,医学影像学
第二批,大连医科大学,临床医学
第二批,沈阳药科大学,药学
第二批,辽宁师范大学,教育学
第二批,沈阳师范大学,旅游管理
第二批,东北财经大学,金融学
第二批,东北财经大学,工商管理
第二批,沈阳航空工业学院,飞行器动力工程
第二批,沈阳航空工业学院,飞行器制造工程
第二批,沈阳化工学院,化学工程与工艺
第二批,大连水产学院,水产养殖学
第二批,辽宁中医药大学,中医学
第二批,中国刑事警察学院,侦查学
第二批,大连民族学院,计算机科学与技术
第二批,大连民族学院,艺术设计
第二批,吉林大学,哲学
第二批,吉林大学,化学
第二批,吉林大学,车辆工程
第二批,吉林大学,放射医学
第二批,吉林大学,经济学
第二批,延边大学,中国少数民族语言文学（朝鲜语言文学）
第二批,延边大学,动物科学
第二批,长春大学,针灸推拿学
第二批,长春理工大学,光信息科学与技术
第二批,吉林农业大学,中药资源与开发
第二批,东北师范大学,生物科学
第二批,东北师范大学,地理科学
第二批,东北师范大学,汉语言文学
第二批,吉林建筑工程学院,给水排水工程
第二批,吉林化工学院,化学工程与工艺
第二批,长春工程学院,电气工程及其自动化
第二批,吉林农业科技学院,野生动物与自然保护区管理
第二批,吉林医药学院,临床医学
第二批,北华大学,临床医学
第二批,通化师范学院,历史学
第二批,吉林工程技术师范学院,机械设计制造及其自动化
第二批,长春师范学院,人文教育
第二批,白城师范学院,公共事业管理
第二批,吉林工商学院,食品科学与工程
第二批,吉林体育学院,运动训练
第二批,吉林艺术学院,音乐学
第二批,吉林艺术学院动画学院,动画
第二批,东北师范大学,人文学院
第二批,黑龙江大学,俄语
第二批,黑龙江大学,经济学
第二批,齐齐哈尔大学,英语
第二批,佳木斯大学,口腔医学
第二批,哈尔滨工业大学,机械设计制造及其自动化
第二批,哈尔滨工业大学,飞行器设计与工程
第二批,哈尔滨工业大学,飞行器动力工程
第二批,哈尔滨工业大学,材料科学与工程
第二批,哈尔滨工业大学,轮机工程
第二批,哈尔滨工业大学,船舶与海洋工程
第二批,哈尔滨工业大学,热能与动力工程
第二批,哈尔滨工业大学,电气工程及其自动化
第二批,哈尔滨工业大学,信息管理与信息系统
第二批,东北农业大学,生物技术
第二批,东北林业大学,林学
第二批,哈尔滨医科大学,预防医学
第二批,哈尔滨医科大学,药学
第二批,黑龙江中医药大学,中药学
第二批,黑龙江中医药大学,药物制剂
第二批,哈尔滨师范大学,美术学
第二批,哈尔滨商业大学,机械设计制造及其自动化
第二批,黑龙江科技学院,矿物加工工程
第二批,大庆石油学院,资源勘查工程
第二批,大庆石油学院,自动化
第二批,牡丹江医学院,医学影像学
第二批,齐齐哈尔医学院,精神医学
第二批,哈尔滨体育学院,体育教育
第二批,复旦大学,汉语言文学
第二批,复旦大学,预防医学
第二批,复旦大学,生物科学
第二批,上海大学,金属材料工程
第二批,同济大学,建筑学
第二批,同济大学,城市规划
第二批,同济大学,土木工程
第二批,同济大学,环境工程
第二批,同济大学,车辆工程
第二批,上海交通大学,生物技术
第二批,上海交通大学,机械工程及自动化
第二批,上海交通大学,信息工程
第二批,上海交通大学,船舶与海洋工程
第二批,上海交通大学,工业工程
第二批,上海交通大学,医学检验
第二批,华东理工大学,应用化学
第二批,华东理工大学,过程装备与控制工程
第二批,华东理工大学,化学工程与工艺
第二批,华东理工大学,制药工程
第二批,上海理工大学,机械设计制造及其自动化
第二批,上海海事大学,航海技术
第二批,东华大学,纺织工程
第二批,东华大学,服装设计与工程
第二批,上海工程技术大学,艺术设计
第二批,上海水产大学,食品科学与工程
第二批,华东师范大学,数学与应用数学
第二批,华东师范大学,地理科学
第二批,华东师范大学,对外汉语
第二批,上海师范大学,汉语言文学
第二批,上海外国语大学,法语
第二批,上海外国语大学,日语
第二批,上海财经大学,金融学
第二批,上海财经大学,财政学
第二批,上海海关学院,法学
第二批,上海电力学院,电气工程及其自动化
第二批,上海对外贸易学院,国际经济与贸易
第二批,上海体育学院,民族传统体育
第二批,上海音乐学院,音乐表演
第二批,上海戏剧学院,戏剧影视美术设计
第二批,南京大学,哲学
第二批,南京大学,汉语言文学
第二批,南京大学,数学与应用数学
第二批,苏州大学,汉语言文学
第二批,南通大学,临床医学
第二批,扬州大学,农学
第二批,东南大学,建筑学
第二批,东南大学,土木工程
第二批,东南大学,交通工程
第二批,东南大学,信息工程
第二批,东南大学,自动化
第二批,东南大学,机械工程及自动化
第二批,南京航空航天大学,飞行器设计与工程
第二批,南京理工大学,自动化
第二批,南京理工大学,武器系统与发射工程
第二批,江苏科技大学,船舶与海洋工程
第二批,中国矿业大学,地质工程
第二批,中国矿业大学,电气工程与自动化
第二批,南京工业大学,生物工程
第二批,南京邮电大学,电子科学与技术
第二批,河海大学,土木工程
第二批,河海大学,环境工程
第二批,江南大学,生物工程
第二批,江南大学,食品科学与工程
第二批,江苏大学,机械设计制造及其自动化
第二批,南京信息工程大学,大气科学
第二批,南京农业大学,植物保护
第二批,南京林业大学,林产化工
第二批,南京医科大学,预防医学
第二批,南京中医药大学,中药学
第二批,中国药科大学,药学
第二批,南京师范大学,地理信息系统
第二批,徐州师范大学,历史学
第二批,南京财经大学,食品科学与工程
第二批,江苏工业学院,化学工程与工艺
第二批,苏州科技学院,城市规划
第二批,淮阴工学院,机械设计制造及其自动化
第二批,南京工程学院,自动化
第二批,淮海工学院,化学工程与工艺
第二批,徐州医学院,麻醉学
第二批,淮阴师范学院,物理学
第二批,盐城师范学院,数学与应用数学
第二批,南京审计学院,审计学
第二批,南京艺术学院,艺术设计
第二批,浙江大学,工业设计
第二批,浙江大学,过程装备与控制工程
第二批,浙江大学,生物医学工程
第二批,浙江大学,能源与环境系统工程
第二批,浙江大学,建筑学
第二批,浙江大学,环境科学
第二批,浙江大学,高分子材料与工程
第二批,宁波大学,机械设计制造及其自动化
第二批,杭州,电子科技大学
第二批,电子信息工程,浙江工业大学
第二批,浙江理工大学,纺织工程
第二批,浙江师范大学,教育技术学
第二批,杭州师范大学,音乐学
第二批,浙江工商大学,统计学
第二批,嘉兴学院,经济学
第二批,中国计量学院,测控技术与仪器
第二批,中国计量学院,光信息科学与技术
第二批,浙江海洋学院,船舶与海洋工程
第二批,温州医学院,临床医学
第二批,浙江中医药大学,中医学
第二批,浙江中医药大学,针灸推拿学
第二批,绍兴文理学院,汉语言文学
第二批,温州大学,化学
第二批,浙江财经学院,财政学
第二批,浙江财经学院,会计学
第二批,中国美术学院,绘画
第二批,安徽大学,法学
第二批,中国科学技术大学,数学类
第二批,中国科学技术大学,物理学
第二批,中国科学技术大学,电子信息工程
第二批,合肥工业大学,信息管理与信息系统
第二批,合肥工业大学,车辆工程
第二批,安徽工业大学,冶金工程
第二批,安徽理工大学,土木工程
第二批,安徽农业大学,动物医学
第二批,安徽医科大学,预防医学
第二批,安徽师范大学,汉语言文学
第二批,安徽师范大学,生物科学
第二批,安徽财经大学,国际经济与贸易
第二批,安徽工程科技学院,机械设计制造及其自动化
第二批,安徽建筑工业学院,土木工程
第二批,蚌埠医学院,医学检验
第二批,安徽中医学院,中药学
第二批,阜阳师范学院,物理学
第二批,安庆师范学院,人文教育
第二批,淮北煤炭师范学院,化学
第二批,厦门大学,化学
第二批,厦门大学,生物科学
第二批,厦门大学,统计学
第二批,厦门大学,数学与应用数学
第二批,厦门大学,材料科学与工程
第二批,集美大学,轮机工程
第二批,华侨大学,中国语言文学类
第二批,福州大学,化学类
第二批,福州大学,机械设计制造及其自动化
第二批,福建农林大学,生物科学
第二批,福建农林大学,机械设计制造及其自动化
第二批,福建医科大学,护理学
第二批,福建师范大学,体育学类
第二批,福建师范大学,汉语言文学
第二批,福建师范大学,音乐学
第二批,南昌大学,材料成型及控制工程
第二批,华东交通大学,电气工程及其自动化
第二批,华东交通大学,土木工程
第二批,东华理工大学,资源勘查工程
第二批,南昌航空大学,金属材料工程
第二批,南昌航空大学,测控技术与仪器
第二批,江西理工大学,采矿工程
第二批,江西农业大学,农学
第二批,江西师范大学,汉语言文学
第二批,江西师范大学,化学
第二批,江西财经大学,金融学
第二批,景德镇陶瓷学院,无机非金属材料工程
第二批,江西中医学院,针灸推拿学
第二批,山东大学,历史学
第二批,山东大学,生物技术
第二批,山东大学,电气工程及其自动化
第二批,山东大学,药学
第二批,山东大学,光信息科学与技术
第二批,中国海洋大学,生物科学
第二批,中国海洋大学,海洋技术
第二批,济南大学,材料科学与工程
第二批,烟台大学,法学
第二批,青岛大学,自动化
第二批,中国石油大学（华东）,资源勘查工程
第二批,中国石油大学（华东）,机械设计制造及其自动化
第二批,中国石油大学（华东）,化学工程与工艺
第二批,青岛科技大学,化学工程与工艺
第二批,青岛理工大学,土木工程
第二批,山东农业大学,园艺
第二批,山东中医药大学,中药学
第二批,山东师范大学,生物科学
第二批,曲阜师范大学,数学与应用数学
第二批,聊城大学,化学
第二批,山东科技大学,测绘工程
第二批,山东建筑大学,建筑学
第二批,山东轻工业学院,轻化工程
第二批,山东理工大学,车辆工程
第二批,山东交通学院,交通运输
第二批,潍坊医学院,临床医学
第二批,泰山医学院,医学影像学
第二批,滨州医学院,口腔医学
第二批,鲁东大学,生物科学
第二批,山东经济学院,会计学
第二批,山东财政学院,财政学
第二批,山东工艺美术学院,艺术设计
第二批,郑州大学,法学
第二批,郑州大学,化学工程与工艺
第二批,郑州大学,化学
第二批,河南理工大学,测绘工程
第二批,河南理工大学,地质工程
第二批,河南工业大学,食品科学与工程
第二批,河南科技大学,机械设计制造及其自动化
第二批,河南农业大学,动物医学
第二批,河南大学,经济学
第二批,河南大学,英语
第二批,河南大学,地理科学
第二批,河南师范大学,生物科学
第二批,郑州轻工业学院,工业设计
第二批,中原工学院,纺织工程
第二批,河南中医学院,中药学
第二批,新乡医学院,临床医学
第二批,河南财经学院,金融学
第二批,武汉大学,历史学
第二批,武汉大学,物理学
第二批,武汉大学,遥感科学与技术
第二批,武汉大学,思想政治教育
第二批,武汉大学,法语
第二批,长江大学,资源勘查工程
第二批,湖北大学,旅游管理
第二批,三峡大学,电气工程及其自动化
第二批,三峡大学,水利水电工程
第二批,华中科技大学,机械设计制造及其自动化
第二批,华中科技大学,热能与动力工程
第二批,华中科技大学,电气工程及其自动化
第二批,华中科技大学,计算机科学与技术
第二批,华中科技大学,工程力学
第二批,华中科技大学,预防医学
第二批,中国地质大学（武汉）,资源勘查工程
第二批,武汉理工大学,通信工程
第二批,武汉理工大学,材料科学与工程
第二批,武汉理工大学,车辆工程
第二批,东北农业大学,农业水利工程
第二批,湖北工业大学,艺术设计
第二批,武汉科技大学,无机非金属材料工程
第二批,武汉科技大学,机械工程及自动化
第二批,华中农业大学,水产养殖学
第二批,华中农业大学,农林经济管理
第二批,华中师范大学,思想政治教育
第二批,华中师范大学,教育学
第二批,中南财经政法大学,经济学
第二批,中南财经政法大学,财政学
第二批,中南财经政法大学,行政管理
第二批,中南民族大学学,应用化学
第二批,中南民族大学学,民族学
第二批,武汉工程大学,化学工程与工艺
第二批,武汉科技学院,艺术设计
第二批,武汉工业学院,食品科学与工程
第二批,湖北汽车工业学院,车辆工程
第二批,湖北中医学院,中药学
第二批,郧阳医学院,麻醉学
第二批,湖北师范学院,汉语言文学
第二批,武汉体育学院,公共事业管理
第二批,湖北美术学院,绘画
第二批,武汉音乐学院,录音艺术
第二批,湖北民族学院,园艺
第二批,湘潭大学,法学
第二批,湘潭大学,信息与计算科学
第二批,湘潭大学,英语
第二批,吉首大学,音乐学
第二批,南华大学,核工程与核技术
第二批,湖南大学,土木工程
第二批,湖南大学,车辆工程
第二批,湖南大学,工业设计
第二批,中南大学,矿物加工工程
第二批,中南大学,土木工程
第二批,中南大学,材料科学与工程
第二批,湖南科技大学,机械设计制造及其自动化
第二批,湖南科技大学,化学
第二批,长沙理工大学,土木工程
第二批,长沙理工大学,交通工程
第二批,湖南工业大学,印刷工程
第二批,湖南农业大学,植物保护
第二批,中南林业科技大学,工业设计
第二批,湖南中医药大学,中药学
第二批,湖南师范大学,英语
第二批,湖南师范大学,生物科学
第二批,湖南师范大学,教育学
第二批,中南林业科技大学,食品科学与工程
第二批,湖南理工学院,美术学
第二批,湖南理工学院,应用化学
第二批,湖南商学院,国际经济与贸易
第二批,湖南文理学院,地理科学
第二批,中山大学,汉语言文学
第二批,中山大学,数学与应用数学
第二批,中山大学,化学
第二批,中山大学,生物科学
第二批,中山大学,资源环境与城乡规划管理
第二批,中山大学,软件工程
第二批,暨南大学,电子信息工程
第二批,暨南大学,汉语言文学
第二批,汕头大学,艺术设计
第二批,汕头大学,工商管理
第二批,广州大学,建筑学
第二批,广州大学,土木工程
第二批,深圳大学,建筑学
第二批,深圳大学,电子信息工程
第二批,华南理工大学,机械工程及自动化
第二批,华南理工大学,轻化工程
第二批,华南理工大学,食品科学与工程
第二批,广东工业大学,机械设计制造及其自动化
第二批,广东工业大学,自动化
第二批,华南农业大学,生物技术
第二批,华南农业大学,动物科学
第二批,华南农业大学,食品科学与工程
第二批,广东海洋大学,食品科学与工程
第二批,广州中医药大学,针灸推拿学
第二批,广州中医药大学,中药学
第二批,南方医科大学,生物医学工程
第二批,南方医科大学,临床医学
第二批,华南师范大学,数学与应用数学
第二批,华南师范大学,化学
第二批,华南师范大学,汉语言文学
第二批,广东外语外贸大学,英语
第二批,广东外语外贸大学,法语
第二批,广州医学院,临床医学
第二批,广东医学院,临床医学
第二批,广东医学院,医学检验
第二批,广东药学院,药学
第二批,广东商学院,市场营销
第二批,广州体育学院,体育教育
第二批,广州美术学院,艺术设计
第二批,广西大学,电气工程及其自动化
第二批,广西大学,林学
第二批,桂林,电子科技大学
第二批,通信工程,广西医科大学
第二批,广西师范大学,汉语言文学
第二批,广西民族大学,中国少数民族语言文学（壮语言文学）
第二批,广西工学院,机械工程及自动化
第二批,桂林工学院,资源勘查工程
第二批,桂林工学院,旅游管理
第二批,广西中医学院,中药学
第二批,桂林医学院,生物技术
第二批,广西师范学院,地理科学
第二批,广西艺术学院,绘画
第二批,海南大学,水产养殖学
第二批,海南大学,食品科学与工程
第二批,西南大学,数学与应用数学
第二批,西南大学,心理学
第二批,西南大学,园艺
第二批,西南大学,历史学
第二批,重庆大学,机械工程及自动化
第二批,重庆大学,电气工程及其自动化
第二批,重庆大学,建筑学
第二批,重庆邮电大学,通信工程
第二批,重庆医科大学,临床医学
第二批,重庆工商大学,市场营销
第二批,西南政法大学,法学
第二批,重庆交通大学,土木工程
第二批,重庆工学院,车辆工程
第二批,四川外语学院,英语
第二批,四川美术学院,绘画
第二批,四川大学,汉语言文学
第二批,四川大学,数学与应用数学
第二批,四川大学,轻化工程
第二批,四川大学,法医学
第二批,电子科技大学,电子科学与技术
第二批,电子科技大学,电子信息工程
第二批,西南交通大学,交通运输
第二批,西南交通大学,车辆工程
第二批,西南交通大学,电气工程及其自动化
第二批,西华大学,机械设计制造及其自动化
第二批,西南科技大学,材料科学与工程
第二批,成都理工大学,勘查技术与工程
第二批,四川农业大学,动物医学
第二批,四川农业大学,林学
第二批,成都中医药大学,中药学
第二批,四川师范大学,数学与应用数学
第二批,四川师范大学,物理学
第二批,西华师范大学,汉语言文学
第二批,西华师范大学,生物科学
第二批,西南财经大学,经济学
第二批,西南财经大学,市场营销
第二批,西南民族大学,中国少数民族语言文学
第二批,西南石油大学,应用化学
第二批,西南石油大学,机械工程及自动化
第二批,成都信息工程学院,电子信息工程
第二批,四川理工学院,化学工程与工艺
第二批,中国民用航空飞行学院,飞行技术
第二批,川北医学院,医学影像学
第二批,泸州医学院,麻醉学
第二批,成都体育学院,中医学
第二批,贵州大学,林学
第二批,贵州大学,农林经济管理
第二批,贵州大学,材料科学与工程
第二批,贵阳医学院,临床医学
第二批,贵阳中医学院,中药学
第二批,遵义医学院,口腔医学
第二批,贵州师范大学,地理科学
第二批,贵州师范大学,生物科学
第二批,贵州财经学院,市场营销
第二批,贵州财经学院,农村区域发展
第二批,贵州民族学院,旅游管理
第二批,云南大学,环境科学
第二批,云南大学,化学
第二批,昆明理工大学,冶金工程
第二批,昆明理工大学,建筑学
第二批,云南农业大学,生物技术
第二批,云南师范大学,数学与应用数学
第二批,云南财经大学,会计学
第二批,云南民族大学,中国少数民族语言文学
第二批,西南林学院,林学
第二批,昆明医学院,临床医学
第二批,云南中医学院,中药学
第二批,西藏藏医学院,藏医学
第二批,西北大学,经济学
第二批,西北大学,化学
第二批,西北大学,地质学
第二批,延安大学,中国革命史与中国共产党党史
第二批,西安交通大学,自动化
第二批,西安交通大学,飞行器设计与工程
第二批,西安交通大学,工程力学
第二批,西安交通大学,信息工程
第二批,西安交通大学,电子科学与技术
第二批,西北工业大学,探测制导与控制技术
第二批,西北工业大学,自动化
第二批,西北工业大学,通信工程
第二批,西安理工大学,热能与动力工程
第二批,西安理工大学,自动化
第二批,西安,电子科技大学
第二批,西安,电子科技大学
第二批,微电子学,西安建筑科技大学
第二批,西安建筑科技大学,环境工程
第二批,西安科技大学,测绘工程
第二批,长安大学,地质工程
第二批,长安大学,道路桥梁与渡河工程
第二批,长安大学,交通运输
第二批,长安大学,机械电子工程
第二批,陕西科技大学,轻化工程
第二批,陕西科技大学,无机非金属材料工程
第二批,西北农林科技大学,园艺
第二批,西北农林科技大学,植物保护
第二批,西北农林科技大学,农林经济管理
第二批,陕西师范大学,英语
第二批,陕西师范大学,物理学
第二批,陕西师范大学,化学
第二批,西安工业大学,测控技术与仪器
第二批,西安工程大学,纺织工程
第二批,西安外国语大学,英语
第二批,西安体育学院,运动训练
第二批,西安美术学院,绘画
第二批,兰州大学,历史学
第二批,兰州大学,生物技术
第二批,兰州大学,大气科学
第二批,兰州理工大学,热能与动力工程
第二批,兰州理工大学,材料成型及控制工程
第二批,兰州交通大学,土木工程
第二批,甘肃农业大学,动物医学
第二批,西北师范大学,数学与应用数学
第二批,西北师范大学,美术学
第二批,西北民族大学,中国少数民族语言文学（藏、蒙古语言文学）
第二批,西北民族大学,作曲与作曲技术理论
第二批,兰州商学院,统计学
第二批,甘肃政法学院,法学
第二批,青海大学,预防医学
第二批,青海师范大学,中国少数民族语言文学（藏语言文学）
第二批,青海民族学院,药学
第二批,宁夏大学,草业科学
第二批,宁夏大学,生物科学类
第二批,宁夏医学院,临床医学
第二批,西北第二民族学院,材料科学与工程
第二批,新疆大学,中国少数民族语言文学
第二批,新疆大学,资源勘查工程
第二批,石河子大学,农林经济管理
第二批,新疆农业大学,农学
第二批,新疆医科大学,预防医学
第二批,新疆师范大学,音乐学
第二批,　,　
第一批,北京大学,经济学
第一批,北京大学,法学
第一批,北京大学,西班牙语
第一批,北京大学,阿拉伯语
第一批,北京大学,非通用语种群(印地语、乌尔都语、孟加拉语、梵文、巴利文5个语种)
第一批,北京大学,非通用语种群(蒙古语、菲律宾语、泰国语、波斯语、西伯莱语等12个语种)
第一批,北京大学,地质学
第一批,北京大学,微电子学
第一批,北京大学,核技术
第一批,北京大学,软件工程(设5个专业方向)
第一批,北京大学,临床医学(与
第一批,北京大学,第一医院结合)
第一批,北京大学,口腔医学
第一批,中国人民大学,金融学
第一批,中国人民大学,法学
第一批,中国人民大学,中国革命史与中国共产党党史
第一批,中国人民大学,新闻学
第一批,中国人民大学,工商管理
第一批,清华大学,新闻学
第一批,清华大学,艺术设计
第一批,清华大学,微电子学
第一批,清华大学,核工程与核技术
第一批,清华大学,电子信息工程
第一批,清华大学,计算机科学与技术
第一批,清华大学,计算机科学与技术
第一批,清华大学,计算机软件(设5个专业方向)
第一批,清华大学,水利水电工程
第一批,北京交通大学,通信工程
第一批,北京交通大学,软件工程(设3个专业方向)
第一批,北京交通大学,物流管理
第一批,北京工业大学,信息安全
第一批,北京工业大学,电子科学与技术
第一批,北京工业大学,软件工程(设2个专业方向)
第一批,北京航空航天大学,电子信息工程
第一批,北京航空航天大学,通信工程
第一批,北京航空航天大学,软件工程(设3个专业方向)
第一批,北京理工大学,软件工程(设3个专业方向)
第一批,北京科技大学,安全工程
第一批,北京邮电大学,信息安全
第一批,北京邮电大学,通信工程
第一批,中国石油大学(北京),石油工程
第一批,中国石油大学(北京),油气储运工程
第一批,中国石油大学(北京),石油工程
第一批,中国农业大学,农业机械化及其自动化
第一批,中国农业大学,动物科学
第一批,中国农业大学,动物医学
第一批,北京林业大学,林学
第一批,北京林业大学,园林
第一批,北京林业大学,农林经济管理
第一批,首都医科大学,临床医学
第一批,首都医科大学,口腔医学
第一批,北京中医药大学,中医学
第一批,北京协和医学院,临床医学
第一批,北京师范大学,特殊教育
第一批,北京师范大学,汉语言文学
第一批,北京师范大学,数学与应用数学
第一批,北京师范大学,物理学
第一批,首都师范大学,小学教育
第一批,首都师范大学,西班牙语
第一批,北京外国语大学,西班牙语
第一批,北京外国语大学,阿拉伯语
第一批,北京外国语大学,非通用语种群(波兰语、捷克语、罗马尼亚语、匈牙利语、保加利亚语等18个语种)
第一批,北京外国语大学,非通用语种群(僧加罗语、土耳其语、斯瓦西里语、豪萨语、西伯莱语等17个语种)
第一批,中国传媒大学,非通用语种群(尼泊尔语、泰米尔语、斯瓦西里语、孟加拉语4个语种)
第一批,中国传媒大学,广播电视新闻学
第一批,中国传媒大学,动画
第一批,北京第二外国语学院,阿拉伯语
第一批,对外经济贸易大学,国际经济与贸易
第一批,对外经济贸易大学,法学
第一批,对外经济贸易大学,西班牙语
第一批,对外经济贸易大学,阿拉伯语
第一批,对外经济贸易大学,非通用语种群(越南语、朝鲜语、意大利语、葡萄牙语4个语种)
第一批,首都经济贸易大学,经济学
第一批,中央财经大学,保险
第一批,中央财经大学,统计学
第一批,北京工商大学,物流管理
第一批,中国人民公安大学,侦查学
第一批,中央美术学院,动画
第一批,南开大学,金融学
第一批,南开大学,工商管理
第一批,天津大学,电子信息工程
第一批,天津大学,电子科学与技术
第一批,天津大学,港口航道与海岸工程
第一批,天津大学,工商管理
第一批,天津农学院,农学
第一批,天津医科大学,临床医学
第一批,天津师范大学,思想政治教育
第一批,天津师范大学,新闻学
第一批,天津工程师范学院,机械制造工艺教育
第一批,天津外国语学院,朝鲜语
第一批,河北大学,新闻学
第一批,河北理工大学,采矿工程
第一批,华北科技学院,安全工程
第一批,河北农业大学,园艺
第一批,河北师范大学,思想政治教育
第一批,中北大学,安全工程
第一批,太原理工大学,安全工程
第一批,山西农业大学,园艺
第一批,山西师范大学,汉语言文学
第一批,忻州师范学院,汉语言文学
第一批,内蒙古农业大学,农业水利工程
第一批,内蒙古农业大学,动物医学
第一批,内蒙古师范大学,历史学
第一批,大连理工大学,软件工程(设2个专业方向)
第一批,大连理工大学,集成电路设计与集成系统
第一批,大连理工大学,水利水电工程
第一批,东北大学,安全工程
第一批,辽宁工程技术大学,矿物资源工程
第一批,辽宁工程技术大学,安全工程
第一批,沈阳航空工业学院,安全工程
第一批,沈阳农业大学,园艺
第一批,中国医科大学,临床医学
第一批,辽宁师范大学,计算机科学与技术
第一批,大连外国语学院,朝鲜语
第一批,东北财经大学,会计学
第一批,鲁迅美术学院,艺术设计(注：动漫方向)
第一批,吉林大学,法学
第一批,吉林大学,朝鲜语
第一批,吉林大学,新闻学
第一批,吉林大学,资源勘查工程
第一批,吉林大学,植物保护
第一批,吉林大学,临床医学
第一批,延边大学,朝鲜语
第一批,吉林农业大学,园艺
第一批,长春中医药大学,中医学
第一批,东北师范大学,英语
第一批,东北师范大学,历史学
第一批,东北师范大学,数学与应用数学
第一批,吉林师范大学,物理学
第一批,北华大学,林学
第一批,长春师范学院,科学教育
第一批,黑龙江大学,新闻学
第一批,哈尔滨工业大学,广播电视编导(注：动漫方向)
第一批,哈尔滨工业大学,电子信息科学与技术
第一批,哈尔滨工业大学,信息安全
第一批,哈尔滨工业大学,通信工程
第一批,哈尔滨工业大学,软件工程(设3个专业方向)
第一批,黑龙江科技学院,采矿工程
第一批,大庆石油学院,石油工程
第一批,黑龙江八一农垦大学,农学
第一批,东北农业大学,农业机械化及其自动化
第一批,东北农业大学,农学
第一批,东北农业大学,动物医学
第一批,东北林业大学,木材科学与工程
第一批,哈尔滨医科大学,临床医学
第一批,黑龙江中医药大学,中医学
第一批,哈尔滨师范大学,音乐学
第一批,复旦大学,新闻学
第一批,复旦大学,微电子学
第一批,复旦大学,软件工程(设3个专业方向)
第一批,复旦大学,临床医学
第一批,同济大学,动画
第一批,同济大学,软件工程(设3个专业方向)
第一批,上海交通大学,微电子学
第一批,上海交通大学,信息安全
第一批,上海交通大学,信息工程
第一批,上海交通大学,软件工程(设3个专业方向)
第一批,上海交通大学,临床医学
第一批,上海交通大学,口腔医学
第一批,上海海事大学,物流管理
第一批,上海水产大学,海洋渔业科学与技术
第一批,上海中医药大学,中医学
第一批,华东师范大学,汉语言文学
第一批,华东师范大学,历史学
第一批,华东师范大学,心理学
第一批,华东师范大学,软件工程(设2个专业方向)
第一批,上海师范大学,小学教育
第一批,上海外国语大学,西班牙语
第一批,上海外国语大学,阿拉伯语
第一批,上海外国语大学,非通用语种群(意大利语、葡萄牙语、希腊语、荷兰语4个语种)
第一批,上海外国语大学,非通用语种群(朝鲜语、波斯语、泰国语、印尼语、西伯莱语、越南语6个语种)
第一批,上海财经大学,会计学
第一批,南京大学,经济学
第一批,南京大学,新闻学
第一批,南京大学,地质学
第一批,南京大学,软件工程(设3个专业方向)
第一批,南京大学,水文与水资源工程
第一批,扬州大学,动物医学
第一批,东南大学,通信工程
第一批,东南大学,电子科学与技术
第一批,东南大学,软件工程(设2个专业方向)
第一批,南京理工大学,安全工程
第一批,中国矿业大学,采矿工程
第一批,中国矿业大学,矿物加工工程
第一批,中国矿业大学,安全工程
第一批,南京工业大学,安全工程
第一批,南京邮电大学,信息安全
第一批,南京邮电大学,通信工程
第一批,河海大学,水利水电工程
第一批,河海大学,水文与水资源工程
第一批,河海大学,港口航道与海岸工程
第一批,江南大学,动画
第一批,南京农业大学,农学
第一批,南京农业大学,动物医学
第一批,南京农业大学,农林经济管理
第一批,南京林业大学,园林
第一批,南京中医药大学,中医学
第一批,南京师范大学,汉语言文学
第一批,南京师范大学,新闻学
第一批,徐州师范大学,汉语言文学
第一批,解放军国际关系学院,非通用语种群(印地语、越南语、泰国语、缅甸语4个语种)
第一批,南京艺术学院,动画
第一批,浙江大学,新闻学
第一批,浙江大学,电子信息工程
第一批,浙江大学,软件工程(设3个专业方向)
第一批,浙江大学,数字媒体技术
第一批,浙江大学,信息与通信工程
第一批,浙江大学,农业资源与环境
第一批,浙江大学,动物科学
第一批,浙江大学,临床医学
第一批,浙江大学,农林经济管理
第一批,宁波大学,水产养殖学
第一批,杭州,电子科技大学
第一批,信息安全,浙江理工大学
第一批,浙江林学院,园艺
第一批,浙江师范大学,学前教育
第一批,中国美术学院,动画
第一批,中国科学技术大学,信息安全
第一批,中国科学技术大学,软件工程(设2个专业方向)
第一批,安徽理工大学,安全工程
第一批,安徽农业大学,茶学
第一批,安徽中医学院,中医学
第一批,安徽师范大学,地理科学
第一批,厦门大学,国际经济与贸易
第一批,厦门大学,广告学
第一批,厦门大学,会计学
第一批,福建农林大学,农林经济管理
第一批,福建师范大学,美术学
第一批,江西农业大学,动物科学
第一批,江西师范大学,公共事业管理(教育管理方向)
第一批,山东大学,朝鲜语
第一批,山东大学,信息安全
第一批,山东大学,通信工程
第一批,山东大学,软件工程(设2个专业方向)
第一批,山东大学,集成电路设计与集成系统
第一批,山东大学,临床医学
第一批,中国海洋大学,水产养殖学
第一批,青岛大学,朝鲜语
第一批,中国石油大学(华东),石油工程
第一批,中国石油大学(华东),安全工程
第一批,中国石油大学(华东),油气储运工程
第一批,山东理工大学,农业机械化及其自动化
第一批,山东科技大学,采矿工程
第一批,山东科技大学,安全工程
第一批,山东农业大学,农学
第一批,山东农业大学,动物科学
第一批,青岛农业大学,植物保护
第一批,山东中医药大学,中医学
第一批,山东师范大学,教育学
第一批,曲阜师范大学,汉语言文学
第一批,郑州大学,新闻学
第一批,郑州大学,水利水电工程
第一批,河南理工大学,采矿工程
第一批,河南理工大学,安全工程
第一批,河南农业大学,农学
第一批,河南师范大学,物理学
第一批,解放军外国语学院,非通用语种群(普什图语、乌克兰语、哈萨克语、吉尔吉斯语、乌兹别克语等16个语种)
第一批,解放军外国语学院,非通用语种群(印地语、乌尔都语、尼泊尔语3个语种)
第一批,武汉大学,国际经济与贸易
第一批,武汉大学,法学
第一批,武汉大学,新闻学
第一批,武汉大学,信息安全
第一批,武汉大学,通信工程
第一批,武汉大学,软件工程(设2个专业方向)
第一批,武汉大学,水利水电工程
第一批,武汉大学,口腔医学
第一批,华中科技大学,新闻学
第一批,华中科技大学,信息安全
第一批,华中科技大学,电子科学与技术
第一批,华中科技大学,软件工程(设2个专业方向)
第一批,华中科技大学,临床医学
第一批,中国地质大学(武汉),地质学
第一批,中国地质大学(武汉),煤及煤层气工程
第一批,中国地质大学(武汉),安全工程
第一批,武汉理工大学,动画
第一批,华中农业大学,农学
第一批,华中农业大学,园艺
第一批,华中农业大学,动物科学
第一批,华中师范大学,英语
第一批,华中师范大学,化学
第一批,中南财经政法大学,法学
第一批,湘潭大学,中国革命史与中国共产党党史
第一批,湖南大学,新闻学
第一批,中南大学,安全工程
第一批,中南大学,临床医学
第一批,湖南科技大学,采矿工程
第一批,湖南农业大学,农学
第一批,中南林业科技大学,森林资源保护与游憩
第一批,湖南中医药大学,中医学
第一批,湖南师范大学,体育教育
第一批,中山大学,微电子学
第一批,中山大学,网络工程
第一批,中山大学,临床医学
第一批,中山大学,工商管理
第一批,暨南大学,新闻学
第一批,华南理工大学,网络工程
第一批,华南理工大学,集成电路设计与集成系统
第一批,华南农业大学,农业机械化及其自动化
第一批,华南农业大学,植物保护
第一批,华南农业大学,农林经济管理
第一批,广州中医药大学,中医学
第一批,华南师范大学,教育技术学
第一批,广东外语外贸大学,非通用语种群(越南语、朝鲜语、泰国语、印尼语4个语种)
第一批,广西大学,新闻学
第一批,广西大学,矿物资源工程
第一批,广西大学,农学
第一批,广西师范大学,物理学
第一批,广西民族大学,非通用语种群(越南语、泰国语、老挝语、柬埔寨语、缅甸语、印尼语6个语种)
第一批,海南大学,园艺
第一批,海南师范大学,生物科学
第一批,西南大学,教育学
第一批,西南大学,生物科学
第一批,西南大学,植物保护
第一批,西南大学,蚕学
第一批,重庆大学,采矿工程
第一批,重庆大学,软件工程(设2个专业方向)
第一批,重庆大学,市场营销
第一批,重庆师范大学,数学与应用数学
第一批,四川美术学院,动画
第一批,四川大学,新闻学
第一批,四川大学,动画
第一批,四川大学,信息安全
第一批,四川大学,核工程与核技术
第一批,四川大学,水利水电工程
第一批,四川大学,临床医学
第一批,四川大学,口腔医学
第一批,电子科技大学,信息安全
第一批,电子科技大学,通信工程
第一批,电子科技大学,集成电路设计与集成系统
第一批,西南石油大学,石油工程
第一批,成都理工大学,地球物理学
第一批,成都理工大学,资源勘查工程
第一批,四川农业大学,农学
第一批,四川农业大学,动物科学
第一批,四川师范大学,汉语言文学
第一批,西南财经大学,金融学
第一批,西南财经大学,财务管理
第一批,贵州大学,采矿工程
第一批,贵州大学,植物保护
第一批,贵州师范大学,数学与应用数学
第一批,云南大学,新闻学
第一批,云南大学,网络工程
第一批,云南大学,旅游管理
第一批,云南农业大学,园艺
第一批,云南师范大学,旅游管理与服务教育
第一批,云南民族大学,非通用语种群(越南语、泰国语、老挝语、柬埔寨语、缅甸语5个语种)
第一批,西藏大学,数学与应用数学
第一批,西藏大学,农学
第一批,西北大学,资源勘查工程
第一批,西安交通大学,微电子学
第一批,西安交通大学,核工程与核技术
第一批,西安交通大学,计算机科学与技术
第一批,西北工业大学,微电子学
第一批,西北工业大学,计算机科学与技术
第一批,西北工业大学,软件工程(设3个专业方向)
第一批,西北工业大学,信息对抗技术
第一批,西安理工大学,水利水电工程
第一批,西安,电子科技大学
第一批,西安,电子科技大学
第一批,通信工程,西安
第一批,西安,电子科技大学
第一批,网络工程,西安
第一批,西安科技大学,采矿工程
第一批,西安科技大学,安全工程
第一批,陕西科技大学,动画
第一批,西北农林科技大学,农业水利工程
第一批,西北农林科技大学,农学
第一批,西北农林科技大学,水土保持与荒漠化防治
第一批,陕西师范大学,汉语言文学
第一批,陕西师范大学,数学与应用数学
第一批,兰州大学,核技术
第一批,兰州大学,草业科学
第一批,甘肃农业大学,草业科学
第一批,西北师范大学,英语
第一批,青海师范大学,数学与应用数学
第一批,宁夏大学,生物科学
第一批,宁夏大学,农学
第一批,新疆大学,化学工程与工艺
第一批,石河子大学,农学
第一批,塔里木大学,园艺
第一批,新疆农业大学,草业科学
第一批,新疆师范大学,中国少数民族语言文学（维吾尔语）
